[1/20] Building CXX object src\backend\CMakeFiles\mib_backend.dir\services\PulseGeneratorService.cpp.obj
??: ????: C:\Users\gavinlou\Developer\mib-studio-qt\include\backend/services/PulseGeneratorService.h
??: ????:  C:\Users\gavinlou\Developer\mib-studio-qt\include\backend/services/SerialBus.h
??: ????:   C:\Users\gavinlou\Developer\mib-studio-qt\include\backend/services/ISerialPort.h
??: ????:    C:\Program Files (x86)\Microsoft Visual Studio\2022\BuildTools\VC\Tools\MSVC\14.44.35207\include\cstdint
??: ????:     C:\Program Files (x86)\Microsoft Visual Studio\2022\BuildTools\VC\Tools\MSVC\14.44.35207\include\yvals_core.h
??: ????:      C:\Program Files (x86)\Microsoft Visual Studio\2022\BuildTools\VC\Tools\MSVC\14.44.35207\include\vcruntime.h
??: ????:       C:\Program Files (x86)\Microsoft Visual Studio\2022\BuildTools\VC\Tools\MSVC\14.44.35207\include\sal.h
??: ????:        C:\Program Files (x86)\Microsoft Visual Studio\2022\BuildTools\VC\Tools\MSVC\14.44.35207\include\concurrencysal.h
??: ????:       C:\Program Files (x86)\Microsoft Visual Studio\2022\BuildTools\VC\Tools\MSVC\14.44.35207\include\vadefs.h
??: ????:      C:\Program Files (x86)\Microsoft Visual Studio\2022\BuildTools\VC\Tools\MSVC\14.44.35207\include\xkeycheck.h
??: ????:     C:\Program Files (x86)\Microsoft Visual Studio\2022\BuildTools\VC\Tools\MSVC\14.44.35207\include\stdint.h
??: ????:    C:\Program Files (x86)\Microsoft Visual Studio\2022\BuildTools\VC\Tools\MSVC\14.44.35207\include\functional
??: ????:     C:\Program Files (x86)\Microsoft Visual Studio\2022\BuildTools\VC\Tools\MSVC\14.44.35207\include\exception
??: ????:      C:\Program Files (x86)\Microsoft Visual Studio\2022\BuildTools\VC\Tools\MSVC\14.44.35207\include\yvals.h
??: ????:       C:\Program Files (x86)\Windows Kits\10\include\10.0.26100.0\ucrt\crtdbg.h
??: ????:        C:\Program Files (x86)\Windows Kits\10\include\10.0.26100.0\ucrt\corecrt.h
??: ????:        C:\Program Files (x86)\Microsoft Visual Studio\2022\BuildTools\VC\Tools\MSVC\14.44.35207\include\vcruntime_new_debug.h
??: ????:         C:\Program Files (x86)\Microsoft Visual Studio\2022\BuildTools\VC\Tools\MSVC\14.44.35207\include\vcruntime_new.h
??: ????:       C:\Program Files (x86)\Microsoft Visual Studio\2022\BuildTools\VC\Tools\MSVC\14.44.35207\include\crtdefs.h
??: ????:       C:\Program Files (x86)\Microsoft Visual Studio\2022\BuildTools\VC\Tools\MSVC\14.44.35207\include\use_ansi.h
??: ????:      C:\Program Files (x86)\Microsoft Visual Studio\2022\BuildTools\VC\Tools\MSVC\14.44.35207\include\cstdlib
??: ????:       C:\Program Files (x86)\Windows Kits\10\include\10.0.26100.0\ucrt\math.h
??: ????:        C:\Program Files (x86)\Windows Kits\10\include\10.0.26100.0\ucrt\corecrt_math.h
??: ????:       C:\Program Files (x86)\Windows Kits\10\include\10.0.26100.0\ucrt\stdlib.h
??: ????:        C:\Program Files (x86)\Windows Kits\10\include\10.0.26100.0\ucrt\corecrt_malloc.h
??: ????:        C:\Program Files (x86)\Windows Kits\10\include\10.0.26100.0\ucrt\corecrt_search.h
??: ????:         C:\Program Files (x86)\Windows Kits\10\include\10.0.26100.0\ucrt\stddef.h
??: ????:        C:\Program Files (x86)\Windows Kits\10\include\10.0.26100.0\ucrt\corecrt_wstdlib.h
??: ????:        C:\Program Files (x86)\Microsoft Visual Studio\2022\BuildTools\VC\Tools\MSVC\14.44.35207\include\limits.h
??: ????:      C:\Program Files (x86)\Microsoft Visual Studio\2022\BuildTools\VC\Tools\MSVC\14.44.35207\include\type_traits
??: ????:       C:\Program Files (x86)\Microsoft Visual Studio\2022\BuildTools\VC\Tools\MSVC\14.44.35207\include\cstddef
??: ????:        C:\Program Files (x86)\Microsoft Visual Studio\2022\BuildTools\VC\Tools\MSVC\14.44.35207\include\xtr1common
??: ????:       C:\Program Files (x86)\Microsoft Visual Studio\2022\BuildTools\VC\Tools\MSVC\14.44.35207\include\cstring
??: ????:        C:\Program Files (x86)\Windows Kits\10\include\10.0.26100.0\ucrt\string.h
??: ????:         C:\Program Files (x86)\Windows Kits\10\include\10.0.26100.0\ucrt\corecrt_memory.h
??: ????:          C:\Program Files (x86)\Windows Kits\10\include\10.0.26100.0\ucrt\corecrt_memcpy_s.h
??: ????:           C:\Program Files (x86)\Windows Kits\10\include\10.0.26100.0\ucrt\errno.h
??: ????:           C:\Program Files (x86)\Microsoft Visual Studio\2022\BuildTools\VC\Tools\MSVC\14.44.35207\include\vcruntime_string.h
??: ????:         C:\Program Files (x86)\Windows Kits\10\include\10.0.26100.0\ucrt\corecrt_wstring.h
??: ????:      C:\Program Files (x86)\Windows Kits\10\include\10.0.26100.0\ucrt\malloc.h
??: ????:      C:\Program Files (x86)\Microsoft Visual Studio\2022\BuildTools\VC\Tools\MSVC\14.44.35207\include\vcruntime_exception.h
??: ????:       C:\Program Files (x86)\Microsoft Visual Studio\2022\BuildTools\VC\Tools\MSVC\14.44.35207\include\eh.h
??: ????:        C:\Program Files (x86)\Windows Kits\10\include\10.0.26100.0\ucrt\corecrt_terminate.h
??: ????:     C:\Program Files (x86)\Microsoft Visual Studio\2022\BuildTools\VC\Tools\MSVC\14.44.35207\include\tuple
??: ????:      C:\Program Files (x86)\Microsoft Visual Studio\2022\BuildTools\VC\Tools\MSVC\14.44.35207\include\__msvc_iter_core.hpp
??: ????:       C:\Program Files (x86)\Microsoft Visual Studio\2022\BuildTools\VC\Tools\MSVC\14.44.35207\include\utility
??: ????:        C:\Program Files (x86)\Microsoft Visual Studio\2022\BuildTools\VC\Tools\MSVC\14.44.35207\include\initializer_list
??: ????:     C:\Program Files (x86)\Microsoft Visual Studio\2022\BuildTools\VC\Tools\MSVC\14.44.35207\include\typeinfo
??: ????:      C:\Program Files (x86)\Microsoft Visual Studio\2022\BuildTools\VC\Tools\MSVC\14.44.35207\include\vcruntime_typeinfo.h
??: ????:     C:\Program Files (x86)\Microsoft Visual Studio\2022\BuildTools\VC\Tools\MSVC\14.44.35207\include\xmemory
??: ????:      C:\Program Files (x86)\Microsoft Visual Studio\2022\BuildTools\VC\Tools\MSVC\14.44.35207\include\limits
??: ????:       C:\Program Files (x86)\Microsoft Visual Studio\2022\BuildTools\VC\Tools\MSVC\14.44.35207\include\cfloat
??: ????:        C:\Program Files (x86)\Windows Kits\10\include\10.0.26100.0\ucrt\float.h
??: ????:       C:\Program Files (x86)\Microsoft Visual Studio\2022\BuildTools\VC\Tools\MSVC\14.44.35207\include\climits
??: ????:       C:\Program Files (x86)\Microsoft Visual Studio\2022\BuildTools\VC\Tools\MSVC\14.44.35207\include\cwchar
??: ????:        C:\Program Files (x86)\Microsoft Visual Studio\2022\BuildTools\VC\Tools\MSVC\14.44.35207\include\cstdio
??: ????:         C:\Program Files (x86)\Windows Kits\10\include\10.0.26100.0\ucrt\stdio.h
??: ????:          C:\Program Files (x86)\Windows Kits\10\include\10.0.26100.0\ucrt\corecrt_wstdio.h
??: ????:           C:\Program Files (x86)\Windows Kits\10\include\10.0.26100.0\ucrt\corecrt_stdio_config.h
??: ????:        C:\Program Files (x86)\Windows Kits\10\include\10.0.26100.0\ucrt\wchar.h
??: ????:         C:\Program Files (x86)\Windows Kits\10\include\10.0.26100.0\ucrt\corecrt_wconio.h
??: ????:         C:\Program Files (x86)\Windows Kits\10\include\10.0.26100.0\ucrt\corecrt_wctype.h
??: ????:         C:\Program Files (x86)\Windows Kits\10\include\10.0.26100.0\ucrt\corecrt_wdirect.h
??: ????:         C:\Program Files (x86)\Windows Kits\10\include\10.0.26100.0\ucrt\corecrt_wio.h
??: ????:          C:\Program Files (x86)\Windows Kits\10\include\10.0.26100.0\ucrt\corecrt_share.h
??: ????:         C:\Program Files (x86)\Windows Kits\10\include\10.0.26100.0\ucrt\corecrt_wprocess.h
??: ????:         C:\Program Files (x86)\Windows Kits\10\include\10.0.26100.0\ucrt\corecrt_wtime.h
??: ????:         C:\Program Files (x86)\Windows Kits\10\include\10.0.26100.0\ucrt\sys/stat.h
??: ????:          C:\Program Files (x86)\Windows Kits\10\include\10.0.26100.0\ucrt\sys/types.h
??: ????:         C:\Program Files (x86)\Microsoft Visual Studio\2022\BuildTools\VC\Tools\MSVC\14.44.35207\include\intrin.h
??: ????:          C:\Program Files (x86)\Microsoft Visual Studio\2022\BuildTools\VC\Tools\MSVC\14.44.35207\include\intrin0.inl.h
??: ????:          C:\Program Files (x86)\Microsoft Visual Studio\2022\BuildTools\VC\Tools\MSVC\14.44.35207\include\setjmp.h
??: ????:          C:\Program Files (x86)\Microsoft Visual Studio\2022\BuildTools\VC\Tools\MSVC\14.44.35207\include\immintrin.h
??: ????:           C:\Program Files (x86)\Microsoft Visual Studio\2022\BuildTools\VC\Tools\MSVC\14.44.35207\include\wmmintrin.h
??: ????:            C:\Program Files (x86)\Microsoft Visual Studio\2022\BuildTools\VC\Tools\MSVC\14.44.35207\include\nmmintrin.h
??: ????:             C:\Program Files (x86)\Microsoft Visual Studio\2022\BuildTools\VC\Tools\MSVC\14.44.35207\include\smmintrin.h
??: ????:              C:\Program Files (x86)\Microsoft Visual Studio\2022\BuildTools\VC\Tools\MSVC\14.44.35207\include\tmmintrin.h
??: ????:               C:\Program Files (x86)\Microsoft Visual Studio\2022\BuildTools\VC\Tools\MSVC\14.44.35207\include\pmmintrin.h
??: ????:                C:\Program Files (x86)\Microsoft Visual Studio\2022\BuildTools\VC\Tools\MSVC\14.44.35207\include\emmintrin.h
??: ????:                 C:\Program Files (x86)\Microsoft Visual Studio\2022\BuildTools\VC\Tools\MSVC\14.44.35207\include\xmmintrin.h
??: ????:                  C:\Program Files (x86)\Microsoft Visual Studio\2022\BuildTools\VC\Tools\MSVC\14.44.35207\include\mmintrin.h
??: ????:           C:\Program Files (x86)\Microsoft Visual Studio\2022\BuildTools\VC\Tools\MSVC\14.44.35207\include\zmmintrin.h
??: ????:          C:\Program Files (x86)\Microsoft Visual Studio\2022\BuildTools\VC\Tools\MSVC\14.44.35207\include\ammintrin.h
??: ????:       C:\Program Files (x86)\Microsoft Visual Studio\2022\BuildTools\VC\Tools\MSVC\14.44.35207\include\intrin0.h
??: ????:      C:\Program Files (x86)\Microsoft Visual Studio\2022\BuildTools\VC\Tools\MSVC\14.44.35207\include\new
??: ????:      C:\Program Files (x86)\Microsoft Visual Studio\2022\BuildTools\VC\Tools\MSVC\14.44.35207\include\xatomic.h
??: ????:      C:\Program Files (x86)\Microsoft Visual Studio\2022\BuildTools\VC\Tools\MSVC\14.44.35207\include\xutility
??: ????:     C:\Program Files (x86)\Microsoft Visual Studio\2022\BuildTools\VC\Tools\MSVC\14.44.35207\include\unordered_map
??: ????:      C:\Program Files (x86)\Microsoft Visual Studio\2022\BuildTools\VC\Tools\MSVC\14.44.35207\include\xhash
??: ????:       C:\Program Files (x86)\Microsoft Visual Studio\2022\BuildTools\VC\Tools\MSVC\14.44.35207\include\cmath
??: ????:       C:\Program Files (x86)\Microsoft Visual Studio\2022\BuildTools\VC\Tools\MSVC\14.44.35207\include\list
??: ????:        C:\Program Files (x86)\Microsoft Visual Studio\2022\BuildTools\VC\Tools\MSVC\14.44.35207\include\xpolymorphic_allocator.h
??: ????:       C:\Program Files (x86)\Microsoft Visual Studio\2022\BuildTools\VC\Tools\MSVC\14.44.35207\include\vector
??: ????:        C:\Program Files (x86)\Microsoft Visual Studio\2022\BuildTools\VC\Tools\MSVC\14.44.35207\include\__msvc_bit_utils.hpp
??: ????:        C:\Program Files (x86)\Microsoft Visual Studio\2022\BuildTools\VC\Tools\MSVC\14.44.35207\include\__msvc_sanitizer_annotate_container.hpp
??: ????:       C:\Program Files (x86)\Microsoft Visual Studio\2022\BuildTools\VC\Tools\MSVC\14.44.35207\include\xbit_ops.h
??: ????:       C:\Program Files (x86)\Microsoft Visual Studio\2022\BuildTools\VC\Tools\MSVC\14.44.35207\include\xnode_handle.h
??: ????:    C:\Program Files (x86)\Microsoft Visual Studio\2022\BuildTools\VC\Tools\MSVC\14.44.35207\include\memory
??: ????:     C:\Program Files (x86)\Microsoft Visual Studio\2022\BuildTools\VC\Tools\MSVC\14.44.35207\include\iosfwd
??: ????:    C:\Program Files (x86)\Microsoft Visual Studio\2022\BuildTools\VC\Tools\MSVC\14.44.35207\include\string
??: ????:     C:\Program Files (x86)\Microsoft Visual Studio\2022\BuildTools\VC\Tools\MSVC\14.44.35207\include\xstring
??: ????:      C:\Program Files (x86)\Microsoft Visual Studio\2022\BuildTools\VC\Tools\MSVC\14.44.35207\include\__msvc_string_view.hpp
??: ????:     C:\Program Files (x86)\Microsoft Visual Studio\2022\BuildTools\VC\Tools\MSVC\14.44.35207\include\cctype
??: ????:      C:\Program Files (x86)\Windows Kits\10\include\10.0.26100.0\ucrt\ctype.h
??: ????:   C:\Program Files (x86)\Microsoft Visual Studio\2022\BuildTools\VC\Tools\MSVC\14.44.35207\include\atomic
??: ????:    C:\Program Files (x86)\Microsoft Visual Studio\2022\BuildTools\VC\Tools\MSVC\14.44.35207\include\xthreads.h
??: ????:     C:\Program Files (x86)\Microsoft Visual Studio\2022\BuildTools\VC\Tools\MSVC\14.44.35207\include\__msvc_threads_core.hpp
??: ????:     C:\Program Files (x86)\Microsoft Visual Studio\2022\BuildTools\VC\Tools\MSVC\14.44.35207\include\xtimec.h
??: ????:      C:\Program Files (x86)\Microsoft Visual Studio\2022\BuildTools\VC\Tools\MSVC\14.44.35207\include\ctime
??: ????:       C:\Program Files (x86)\Windows Kits\10\include\10.0.26100.0\ucrt\time.h
??: ????:   C:\Program Files (x86)\Microsoft Visual Studio\2022\BuildTools\VC\Tools\MSVC\14.44.35207\include\chrono
??: ????:    C:\Program Files (x86)\Microsoft Visual Studio\2022\BuildTools\VC\Tools\MSVC\14.44.35207\include\__msvc_chrono.hpp
??: ????:     C:\Program Files (x86)\Microsoft Visual Studio\2022\BuildTools\VC\Tools\MSVC\14.44.35207\include\ratio
??: ????:    C:\Program Files (x86)\Microsoft Visual Studio\2022\BuildTools\VC\Tools\MSVC\14.44.35207\include\system_error
??: ????:     C:\Program Files (x86)\Microsoft Visual Studio\2022\BuildTools\VC\Tools\MSVC\14.44.35207\include\__msvc_system_error_abi.hpp
??: ????:     C:\Program Files (x86)\Microsoft Visual Studio\2022\BuildTools\VC\Tools\MSVC\14.44.35207\include\cerrno
??: ????:     C:\Program Files (x86)\Microsoft Visual Studio\2022\BuildTools\VC\Tools\MSVC\14.44.35207\include\stdexcept
??: ????:     C:\Program Files (x86)\Microsoft Visual Studio\2022\BuildTools\VC\Tools\MSVC\14.44.35207\include\xcall_once.h
??: ????:     C:\Program Files (x86)\Microsoft Visual Studio\2022\BuildTools\VC\Tools\MSVC\14.44.35207\include\xerrc.h
??: ????:    C:\Program Files (x86)\Microsoft Visual Studio\2022\BuildTools\VC\Tools\MSVC\14.44.35207\include\xfilesystem_abi.h
??: ????:   C:\Program Files (x86)\Microsoft Visual Studio\2022\BuildTools\VC\Tools\MSVC\14.44.35207\include\condition_variable
??: ????:    C:\Program Files (x86)\Microsoft Visual Studio\2022\BuildTools\VC\Tools\MSVC\14.44.35207\include\mutex
??: ????:     C:\Program Files (x86)\Microsoft Visual Studio\2022\BuildTools\VC\Tools\MSVC\14.44.35207\include\thread
??: ????:      C:\Program Files (x86)\Windows Kits\10\include\10.0.26100.0\ucrt\process.h
??: ????:       C:\Program Files (x86)\Windows Kits\10\include\10.0.26100.0\ucrt\corecrt_startup.h
??: ????:        C:\Program Files (x86)\Windows Kits\10\include\10.0.26100.0\ucrt\math.h
??: ????:        C:\Program Files (x86)\Microsoft Visual Studio\2022\BuildTools\VC\Tools\MSVC\14.44.35207\include\vcruntime_startup.h
??: ????:   C:\Program Files (x86)\Microsoft Visual Studio\2022\BuildTools\VC\Tools\MSVC\14.44.35207\include\map
??: ????:    C:\Program Files (x86)\Microsoft Visual Studio\2022\BuildTools\VC\Tools\MSVC\14.44.35207\include\xtree
??: ????:  C:\Program Files (x86)\Microsoft Visual Studio\2022\BuildTools\VC\Tools\MSVC\14.44.35207\include\array
??: ????: C:\Users\gavinlou\Developer\mib-studio-qt\include\backend/services/ModbusRtu.h
??: ????: C:\Users\gavinlou\.conan2\p\spdlo3aa64e17bd7f1\p\include\spdlog/spdlog.h
??: ????:  C:\Users\gavinlou\.conan2\p\spdlo3aa64e17bd7f1\p\include\spdlog/common.h
??: ????:   C:\Users\gavinlou\.conan2\p\spdlo3aa64e17bd7f1\p\include\spdlog/details/null_mutex.h
??: ????:   C:\Users\gavinlou\.conan2\p\spdlo3aa64e17bd7f1\p\include\spdlog/tweakme.h
??: ????:   C:\Users\gavinlou\.conan2\p\spdlo3aa64e17bd7f1\p\include\spdlog/fmt/fmt.h
??: ????:    C:\Users\gavinlou\.conan2\p\fmtb810783b747d3\p\include\fmt/format.h
??: ????:     C:\Users\gavinlou\.conan2\p\fmtb810783b747d3\p\include\fmt\base.h
??: ????:     C:\Program Files (x86)\Microsoft Visual Studio\2022\BuildTools\VC\Tools\MSVC\14.44.35207\include\string_view
??: ????:  C:\Users\gavinlou\.conan2\p\spdlo3aa64e17bd7f1\p\include\spdlog/details/registry.h
??: ????:   C:\Users\gavinlou\.conan2\p\spdlo3aa64e17bd7f1\p\include\spdlog/details/periodic_worker.h
??: ????:  C:\Users\gavinlou\.conan2\p\spdlo3aa64e17bd7f1\p\include\spdlog/details/synchronous_factory.h
??: ????:  C:\Users\gavinlou\.conan2\p\spdlo3aa64e17bd7f1\p\include\spdlog/logger.h
??: ????:   C:\Users\gavinlou\.conan2\p\spdlo3aa64e17bd7f1\p\include\spdlog/details/backtracer.h
??: ????:    C:\Users\gavinlou\.conan2\p\spdlo3aa64e17bd7f1\p\include\spdlog/details/circular_q.h
??: ????:     C:\Program Files (x86)\Microsoft Visual Studio\2022\BuildTools\VC\Tools\MSVC\14.44.35207\include\cassert
??: ????:      C:\Program Files (x86)\Windows Kits\10\include\10.0.26100.0\ucrt\assert.h
??: ????:    C:\Users\gavinlou\.conan2\p\spdlo3aa64e17bd7f1\p\include\spdlog/details/log_msg_buffer.h
??: ????:     C:\Users\gavinlou\.conan2\p\spdlo3aa64e17bd7f1\p\include\spdlog/details/log_msg.h
??: ????:  C:\Users\gavinlou\.conan2\p\spdlo3aa64e17bd7f1\p\include\spdlog/version.h
??: ????: C:\Program Files (x86)\Microsoft Visual Studio\2022\BuildTools\VC\Tools\MSVC\14.44.35207\include\algorithm
??: ????:  C:\Program Files (x86)\Microsoft Visual Studio\2022\BuildTools\VC\Tools\MSVC\14.44.35207\include\__msvc_heap_algorithms.hpp
??: ????:  C:\Program Files (x86)\Microsoft Visual Studio\2022\BuildTools\VC\Tools\MSVC\14.44.35207\include\__msvc_minmax.hpp
[2/20] Building CXX object src\backend\CMakeFiles\mib_backend.dir\app\AppBackend.cpp.obj
??: ????: C:\Users\gavinlou\Developer\mib-studio-qt\include\backend/app/AppBackend.h
??: ????:  C:\Program Files (x86)\Microsoft Visual Studio\2022\BuildTools\VC\Tools\MSVC\14.44.35207\include\atomic
??: ????:   C:\Program Files (x86)\Microsoft Visual Studio\2022\BuildTools\VC\Tools\MSVC\14.44.35207\include\yvals.h
??: ????:    C:\Program Files (x86)\Microsoft Visual Studio\2022\BuildTools\VC\Tools\MSVC\14.44.35207\include\yvals_core.h
??: ????:     C:\Program Files (x86)\Microsoft Visual Studio\2022\BuildTools\VC\Tools\MSVC\14.44.35207\include\vcruntime.h
??: ????:      C:\Program Files (x86)\Microsoft Visual Studio\2022\BuildTools\VC\Tools\MSVC\14.44.35207\include\sal.h
??: ????:       C:\Program Files (x86)\Microsoft Visual Studio\2022\BuildTools\VC\Tools\MSVC\14.44.35207\include\concurrencysal.h
??: ????:      C:\Program Files (x86)\Microsoft Visual Studio\2022\BuildTools\VC\Tools\MSVC\14.44.35207\include\vadefs.h
??: ????:     C:\Program Files (x86)\Microsoft Visual Studio\2022\BuildTools\VC\Tools\MSVC\14.44.35207\include\xkeycheck.h
??: ????:    C:\Program Files (x86)\Windows Kits\10\include\10.0.26100.0\ucrt\crtdbg.h
??: ????:     C:\Program Files (x86)\Windows Kits\10\include\10.0.26100.0\ucrt\corecrt.h
??: ????:     C:\Program Files (x86)\Microsoft Visual Studio\2022\BuildTools\VC\Tools\MSVC\14.44.35207\include\vcruntime_new_debug.h
??: ????:      C:\Program Files (x86)\Microsoft Visual Studio\2022\BuildTools\VC\Tools\MSVC\14.44.35207\include\vcruntime_new.h
??: ????:    C:\Program Files (x86)\Microsoft Visual Studio\2022\BuildTools\VC\Tools\MSVC\14.44.35207\include\crtdefs.h
??: ????:    C:\Program Files (x86)\Microsoft Visual Studio\2022\BuildTools\VC\Tools\MSVC\14.44.35207\include\use_ansi.h
??: ????:   C:\Program Files (x86)\Microsoft Visual Studio\2022\BuildTools\VC\Tools\MSVC\14.44.35207\include\cstddef
??: ????:    C:\Program Files (x86)\Windows Kits\10\include\10.0.26100.0\ucrt\stddef.h
??: ????:    C:\Program Files (x86)\Microsoft Visual Studio\2022\BuildTools\VC\Tools\MSVC\14.44.35207\include\xtr1common
??: ????:   C:\Program Files (x86)\Microsoft Visual Studio\2022\BuildTools\VC\Tools\MSVC\14.44.35207\include\cstdint
??: ????:    C:\Program Files (x86)\Microsoft Visual Studio\2022\BuildTools\VC\Tools\MSVC\14.44.35207\include\stdint.h
??: ????:   C:\Program Files (x86)\Microsoft Visual Studio\2022\BuildTools\VC\Tools\MSVC\14.44.35207\include\cstring
??: ????:    C:\Program Files (x86)\Windows Kits\10\include\10.0.26100.0\ucrt\string.h
??: ????:     C:\Program Files (x86)\Windows Kits\10\include\10.0.26100.0\ucrt\corecrt_memory.h
??: ????:      C:\Program Files (x86)\Windows Kits\10\include\10.0.26100.0\ucrt\corecrt_memcpy_s.h
??: ????:       C:\Program Files (x86)\Windows Kits\10\include\10.0.26100.0\ucrt\errno.h
??: ????:       C:\Program Files (x86)\Microsoft Visual Studio\2022\BuildTools\VC\Tools\MSVC\14.44.35207\include\vcruntime_string.h
??: ????:     C:\Program Files (x86)\Windows Kits\10\include\10.0.26100.0\ucrt\corecrt_wstring.h
??: ????:   C:\Program Files (x86)\Microsoft Visual Studio\2022\BuildTools\VC\Tools\MSVC\14.44.35207\include\xatomic.h
??: ????:    C:\Program Files (x86)\Microsoft Visual Studio\2022\BuildTools\VC\Tools\MSVC\14.44.35207\include\type_traits
??: ????:    C:\Program Files (x86)\Microsoft Visual Studio\2022\BuildTools\VC\Tools\MSVC\14.44.35207\include\intrin0.h
??: ????:     C:\Program Files (x86)\Microsoft Visual Studio\2022\BuildTools\VC\Tools\MSVC\14.44.35207\include\intrin0.inl.h
??: ????:   C:\Program Files (x86)\Microsoft Visual Studio\2022\BuildTools\VC\Tools\MSVC\14.44.35207\include\xthreads.h
??: ????:    C:\Program Files (x86)\Microsoft Visual Studio\2022\BuildTools\VC\Tools\MSVC\14.44.35207\include\__msvc_threads_core.hpp
??: ????:    C:\Program Files (x86)\Microsoft Visual Studio\2022\BuildTools\VC\Tools\MSVC\14.44.35207\include\climits
??: ????:     C:\Program Files (x86)\Microsoft Visual Studio\2022\BuildTools\VC\Tools\MSVC\14.44.35207\include\limits.h
??: ????:    C:\Program Files (x86)\Microsoft Visual Studio\2022\BuildTools\VC\Tools\MSVC\14.44.35207\include\xtimec.h
??: ????:     C:\Program Files (x86)\Microsoft Visual Studio\2022\BuildTools\VC\Tools\MSVC\14.44.35207\include\ctime
??: ????:      C:\Program Files (x86)\Windows Kits\10\include\10.0.26100.0\ucrt\time.h
??: ????:       C:\Program Files (x86)\Windows Kits\10\include\10.0.26100.0\ucrt\corecrt_wtime.h
??: ????:  C:\Program Files (x86)\Microsoft Visual Studio\2022\BuildTools\VC\Tools\MSVC\14.44.35207\include\functional
??: ????:   C:\Program Files (x86)\Microsoft Visual Studio\2022\BuildTools\VC\Tools\MSVC\14.44.35207\include\exception
??: ????:    C:\Program Files (x86)\Microsoft Visual Studio\2022\BuildTools\VC\Tools\MSVC\14.44.35207\include\cstdlib
??: ????:     C:\Program Files (x86)\Windows Kits\10\include\10.0.26100.0\ucrt\math.h
??: ????:      C:\Program Files (x86)\Windows Kits\10\include\10.0.26100.0\ucrt\corecrt_math.h
??: ????:     C:\Program Files (x86)\Windows Kits\10\include\10.0.26100.0\ucrt\stdlib.h
??: ????:      C:\Program Files (x86)\Windows Kits\10\include\10.0.26100.0\ucrt\corecrt_malloc.h
??: ????:      C:\Program Files (x86)\Windows Kits\10\include\10.0.26100.0\ucrt\corecrt_search.h
??: ????:      C:\Program Files (x86)\Windows Kits\10\include\10.0.26100.0\ucrt\corecrt_wstdlib.h
??: ????:    C:\Program Files (x86)\Windows Kits\10\include\10.0.26100.0\ucrt\malloc.h
??: ????:    C:\Program Files (x86)\Microsoft Visual Studio\2022\BuildTools\VC\Tools\MSVC\14.44.35207\include\vcruntime_exception.h
??: ????:     C:\Program Files (x86)\Microsoft Visual Studio\2022\BuildTools\VC\Tools\MSVC\14.44.35207\include\eh.h
??: ????:      C:\Program Files (x86)\Windows Kits\10\include\10.0.26100.0\ucrt\corecrt_terminate.h
??: ????:   C:\Program Files (x86)\Microsoft Visual Studio\2022\BuildTools\VC\Tools\MSVC\14.44.35207\include\tuple
??: ????:    C:\Program Files (x86)\Microsoft Visual Studio\2022\BuildTools\VC\Tools\MSVC\14.44.35207\include\__msvc_iter_core.hpp
??: ????:     C:\Program Files (x86)\Microsoft Visual Studio\2022\BuildTools\VC\Tools\MSVC\14.44.35207\include\utility
??: ????:      C:\Program Files (x86)\Microsoft Visual Studio\2022\BuildTools\VC\Tools\MSVC\14.44.35207\include\initializer_list
??: ????:   C:\Program Files (x86)\Microsoft Visual Studio\2022\BuildTools\VC\Tools\MSVC\14.44.35207\include\typeinfo
??: ????:    C:\Program Files (x86)\Microsoft Visual Studio\2022\BuildTools\VC\Tools\MSVC\14.44.35207\include\vcruntime_typeinfo.h
??: ????:   C:\Program Files (x86)\Microsoft Visual Studio\2022\BuildTools\VC\Tools\MSVC\14.44.35207\include\xmemory
??: ????:    C:\Program Files (x86)\Microsoft Visual Studio\2022\BuildTools\VC\Tools\MSVC\14.44.35207\include\limits
??: ????:     C:\Program Files (x86)\Microsoft Visual Studio\2022\BuildTools\VC\Tools\MSVC\14.44.35207\include\cfloat
??: ????:      C:\Program Files (x86)\Windows Kits\10\include\10.0.26100.0\ucrt\float.h
??: ????:     C:\Program Files (x86)\Microsoft Visual Studio\2022\BuildTools\VC\Tools\MSVC\14.44.35207\include\cwchar
??: ????:      C:\Program Files (x86)\Microsoft Visual Studio\2022\BuildTools\VC\Tools\MSVC\14.44.35207\include\cstdio
??: ????:       C:\Program Files (x86)\Windows Kits\10\include\10.0.26100.0\ucrt\stdio.h
??: ????:        C:\Program Files (x86)\Windows Kits\10\include\10.0.26100.0\ucrt\corecrt_wstdio.h
??: ????:         C:\Program Files (x86)\Windows Kits\10\include\10.0.26100.0\ucrt\corecrt_stdio_config.h
??: ????:      C:\Program Files (x86)\Windows Kits\10\include\10.0.26100.0\ucrt\wchar.h
??: ????:       C:\Program Files (x86)\Windows Kits\10\include\10.0.26100.0\ucrt\corecrt_wconio.h
??: ????:       C:\Program Files (x86)\Windows Kits\10\include\10.0.26100.0\ucrt\corecrt_wctype.h
??: ????:       C:\Program Files (x86)\Windows Kits\10\include\10.0.26100.0\ucrt\corecrt_wdirect.h
??: ????:       C:\Program Files (x86)\Windows Kits\10\include\10.0.26100.0\ucrt\corecrt_wio.h
??: ????:        C:\Program Files (x86)\Windows Kits\10\include\10.0.26100.0\ucrt\corecrt_share.h
??: ????:       C:\Program Files (x86)\Windows Kits\10\include\10.0.26100.0\ucrt\corecrt_wprocess.h
??: ????:       C:\Program Files (x86)\Windows Kits\10\include\10.0.26100.0\ucrt\sys/stat.h
??: ????:        C:\Program Files (x86)\Windows Kits\10\include\10.0.26100.0\ucrt\sys/types.h
??: ????:       C:\Program Files (x86)\Microsoft Visual Studio\2022\BuildTools\VC\Tools\MSVC\14.44.35207\include\intrin.h
??: ????:        C:\Program Files (x86)\Microsoft Visual Studio\2022\BuildTools\VC\Tools\MSVC\14.44.35207\include\setjmp.h
??: ????:        C:\Program Files (x86)\Microsoft Visual Studio\2022\BuildTools\VC\Tools\MSVC\14.44.35207\include\immintrin.h
??: ????:         C:\Program Files (x86)\Microsoft Visual Studio\2022\BuildTools\VC\Tools\MSVC\14.44.35207\include\wmmintrin.h
??: ????:          C:\Program Files (x86)\Microsoft Visual Studio\2022\BuildTools\VC\Tools\MSVC\14.44.35207\include\nmmintrin.h
??: ????:           C:\Program Files (x86)\Microsoft Visual Studio\2022\BuildTools\VC\Tools\MSVC\14.44.35207\include\smmintrin.h
??: ????:            C:\Program Files (x86)\Microsoft Visual Studio\2022\BuildTools\VC\Tools\MSVC\14.44.35207\include\tmmintrin.h
??: ????:             C:\Program Files (x86)\Microsoft Visual Studio\2022\BuildTools\VC\Tools\MSVC\14.44.35207\include\pmmintrin.h
??: ????:              C:\Program Files (x86)\Microsoft Visual Studio\2022\BuildTools\VC\Tools\MSVC\14.44.35207\include\emmintrin.h
??: ????:               C:\Program Files (x86)\Microsoft Visual Studio\2022\BuildTools\VC\Tools\MSVC\14.44.35207\include\xmmintrin.h
??: ????:                C:\Program Files (x86)\Microsoft Visual Studio\2022\BuildTools\VC\Tools\MSVC\14.44.35207\include\mmintrin.h
??: ????:         C:\Program Files (x86)\Microsoft Visual Studio\2022\BuildTools\VC\Tools\MSVC\14.44.35207\include\zmmintrin.h
??: ????:        C:\Program Files (x86)\Microsoft Visual Studio\2022\BuildTools\VC\Tools\MSVC\14.44.35207\include\ammintrin.h
??: ????:    C:\Program Files (x86)\Microsoft Visual Studio\2022\BuildTools\VC\Tools\MSVC\14.44.35207\include\new
??: ????:    C:\Program Files (x86)\Microsoft Visual Studio\2022\BuildTools\VC\Tools\MSVC\14.44.35207\include\xutility
??: ????:   C:\Program Files (x86)\Microsoft Visual Studio\2022\BuildTools\VC\Tools\MSVC\14.44.35207\include\unordered_map
??: ????:    C:\Program Files (x86)\Microsoft Visual Studio\2022\BuildTools\VC\Tools\MSVC\14.44.35207\include\xhash
??: ????:     C:\Program Files (x86)\Microsoft Visual Studio\2022\BuildTools\VC\Tools\MSVC\14.44.35207\include\cmath
??: ????:     C:\Program Files (x86)\Microsoft Visual Studio\2022\BuildTools\VC\Tools\MSVC\14.44.35207\include\list
??: ????:      C:\Program Files (x86)\Microsoft Visual Studio\2022\BuildTools\VC\Tools\MSVC\14.44.35207\include\xpolymorphic_allocator.h
??: ????:     C:\Program Files (x86)\Microsoft Visual Studio\2022\BuildTools\VC\Tools\MSVC\14.44.35207\include\vector
??: ????:      C:\Program Files (x86)\Microsoft Visual Studio\2022\BuildTools\VC\Tools\MSVC\14.44.35207\include\__msvc_bit_utils.hpp
??: ????:      C:\Program Files (x86)\Microsoft Visual Studio\2022\BuildTools\VC\Tools\MSVC\14.44.35207\include\__msvc_sanitizer_annotate_container.hpp
??: ????:     C:\Program Files (x86)\Microsoft Visual Studio\2022\BuildTools\VC\Tools\MSVC\14.44.35207\include\xbit_ops.h
??: ????:     C:\Program Files (x86)\Microsoft Visual Studio\2022\BuildTools\VC\Tools\MSVC\14.44.35207\include\xnode_handle.h
??: ????:  C:\Program Files (x86)\Microsoft Visual Studio\2022\BuildTools\VC\Tools\MSVC\14.44.35207\include\memory
??: ????:   C:\Program Files (x86)\Microsoft Visual Studio\2022\BuildTools\VC\Tools\MSVC\14.44.35207\include\iosfwd
??: ????:  C:\Program Files (x86)\Microsoft Visual Studio\2022\BuildTools\VC\Tools\MSVC\14.44.35207\include\mutex
??: ????:   C:\Program Files (x86)\Microsoft Visual Studio\2022\BuildTools\VC\Tools\MSVC\14.44.35207\include\__msvc_chrono.hpp
??: ????:    C:\Program Files (x86)\Microsoft Visual Studio\2022\BuildTools\VC\Tools\MSVC\14.44.35207\include\ratio
??: ????:   C:\Program Files (x86)\Microsoft Visual Studio\2022\BuildTools\VC\Tools\MSVC\14.44.35207\include\system_error
??: ????:    C:\Program Files (x86)\Microsoft Visual Studio\2022\BuildTools\VC\Tools\MSVC\14.44.35207\include\__msvc_system_error_abi.hpp
??: ????:    C:\Program Files (x86)\Microsoft Visual Studio\2022\BuildTools\VC\Tools\MSVC\14.44.35207\include\cerrno
??: ????:    C:\Program Files (x86)\Microsoft Visual Studio\2022\BuildTools\VC\Tools\MSVC\14.44.35207\include\stdexcept
??: ????:     C:\Program Files (x86)\Microsoft Visual Studio\2022\BuildTools\VC\Tools\MSVC\14.44.35207\include\xstring
??: ????:      C:\Program Files (x86)\Microsoft Visual Studio\2022\BuildTools\VC\Tools\MSVC\14.44.35207\include\__msvc_string_view.hpp
??: ????:    C:\Program Files (x86)\Microsoft Visual Studio\2022\BuildTools\VC\Tools\MSVC\14.44.35207\include\xcall_once.h
??: ????:    C:\Program Files (x86)\Microsoft Visual Studio\2022\BuildTools\VC\Tools\MSVC\14.44.35207\include\xerrc.h
??: ????:   C:\Program Files (x86)\Microsoft Visual Studio\2022\BuildTools\VC\Tools\MSVC\14.44.35207\include\thread
??: ????:    C:\Program Files (x86)\Windows Kits\10\include\10.0.26100.0\ucrt\process.h
??: ????:     C:\Program Files (x86)\Windows Kits\10\include\10.0.26100.0\ucrt\corecrt_startup.h
??: ????:      C:\Program Files (x86)\Windows Kits\10\include\10.0.26100.0\ucrt\math.h
??: ????:      C:\Program Files (x86)\Microsoft Visual Studio\2022\BuildTools\VC\Tools\MSVC\14.44.35207\include\vcruntime_startup.h
??: ????:  C:\Program Files (x86)\Microsoft Visual Studio\2022\BuildTools\VC\Tools\MSVC\14.44.35207\include\string
??: ????:   C:\Program Files (x86)\Microsoft Visual Studio\2022\BuildTools\VC\Tools\MSVC\14.44.35207\include\cctype
??: ????:    C:\Program Files (x86)\Windows Kits\10\include\10.0.26100.0\ucrt\ctype.h
??: ????:  C:\Users\gavinlou\Developer\mib-studio-qt\include\backend/app/BackgroundFrame.h
??: ????:  C:\Users\gavinlou\Developer\mib-studio-qt\include\backend/processing/EModulusLutCatalog.h
??: ????:   C:\Program Files (x86)\Microsoft Visual Studio\2022\BuildTools\VC\Tools\MSVC\14.44.35207\include\optional
??: ????:    C:\Program Files (x86)\Microsoft Visual Studio\2022\BuildTools\VC\Tools\MSVC\14.44.35207\include\xsmf_control.h
??: ????:  C:\Users\gavinlou\Developer\mib-studio-qt\include\backend/app/ExperimentReadiness.h
??: ????:   C:\Users\gavinlou\Developer\mib-studio-qt\include\backend/processing/IProcessingKernel.h
??: ????:    C:\Users\gavinlou\Developer\mib-studio-qt\include\backend/processing/ProcessingTypes.h
??: ????:     C:\Users\gavinlou\.conan2\p\b\openc7cb995b920d86\p\include\opencv2/core.hpp
??: ????:      C:\Users\gavinlou\.conan2\p\b\openc7cb995b920d86\p\include\opencv2/core/cvdef.h
??: ????:       C:\Users\gavinlou\.conan2\p\b\openc7cb995b920d86\p\include\opencv2/core/version.hpp
??: ????:       C:\Users\gavinlou\.conan2\p\b\openc7cb995b920d86\p\include\opencv2/core/hal/interface.h
??: ????:       C:\Users\gavinlou\.conan2\p\b\openc7cb995b920d86\p\include\opencv2\core\cv_cpu_dispatch.h
??: ????:      C:\Users\gavinlou\.conan2\p\b\openc7cb995b920d86\p\include\opencv2/core/base.hpp
??: ????:       C:\Users\gavinlou\.conan2\p\b\openc7cb995b920d86\p\include\opencv2/opencv_modules.hpp
??: ????:       C:\Program Files (x86)\Microsoft Visual Studio\2022\BuildTools\VC\Tools\MSVC\14.44.35207\include\algorithm
??: ????:        C:\Program Files (x86)\Microsoft Visual Studio\2022\BuildTools\VC\Tools\MSVC\14.44.35207\include\__msvc_heap_algorithms.hpp
??: ????:        C:\Program Files (x86)\Microsoft Visual Studio\2022\BuildTools\VC\Tools\MSVC\14.44.35207\include\__msvc_minmax.hpp
??: ????:       C:\Users\gavinlou\.conan2\p\b\openc7cb995b920d86\p\include\opencv2/core/cvstd.hpp
??: ????:        C:\Users\gavinlou\.conan2\p\b\openc7cb995b920d86\p\include\opencv2\core\cvstd_wrapper.hpp
??: ????:       C:\Users\gavinlou\.conan2\p\b\openc7cb995b920d86\p\include\opencv2/core/neon_utils.hpp
??: ????:       C:\Users\gavinlou\.conan2\p\b\openc7cb995b920d86\p\include\opencv2/core/vsx_utils.hpp
??: ????:        C:\Program Files (x86)\Windows Kits\10\include\10.0.26100.0\ucrt\assert.h
??: ????:       C:\Users\gavinlou\.conan2\p\b\openc7cb995b920d86\p\include\opencv2/core/check.hpp
??: ????:        C:\Users\gavinlou\.conan2\p\b\openc7cb995b920d86\p\include\opencv2/core/base.hpp
??: ????:      C:\Users\gavinlou\.conan2\p\b\openc7cb995b920d86\p\include\opencv2/core/traits.hpp
??: ????:      C:\Users\gavinlou\.conan2\p\b\openc7cb995b920d86\p\include\opencv2/core/matx.hpp
??: ????:       C:\Users\gavinlou\.conan2\p\b\openc7cb995b920d86\p\include\opencv2/core/saturate.hpp
??: ????:        C:\Users\gavinlou\.conan2\p\b\openc7cb995b920d86\p\include\opencv2/core/fast_math.hpp
??: ????:       C:\Users\gavinlou\.conan2\p\b\openc7cb995b920d86\p\include\opencv2/core/matx.inl.hpp
??: ????:        C:\Users\gavinlou\.conan2\p\b\openc7cb995b920d86\p\include\opencv2/core/matx.hpp
??: ????:      C:\Users\gavinlou\.conan2\p\b\openc7cb995b920d86\p\include\opencv2/core/types.hpp
??: ????:      C:\Users\gavinlou\.conan2\p\b\openc7cb995b920d86\p\include\opencv2/core/mat.hpp
??: ????:       C:\Users\gavinlou\.conan2\p\b\openc7cb995b920d86\p\include\opencv2/core/bufferpool.hpp
??: ????:       C:\Program Files (x86)\Microsoft Visual Studio\2022\BuildTools\VC\Tools\MSVC\14.44.35207\include\array
??: ????:       C:\Users\gavinlou\.conan2\p\b\openc7cb995b920d86\p\include\opencv2/core/mat.inl.hpp
??: ????:      C:\Users\gavinlou\.conan2\p\b\openc7cb995b920d86\p\include\opencv2/core/persistence.hpp
??: ????:      C:\Users\gavinlou\.conan2\p\b\openc7cb995b920d86\p\include\opencv2/core/operations.hpp
??: ????:      C:\Users\gavinlou\.conan2\p\b\openc7cb995b920d86\p\include\opencv2/core/cvstd.inl.hpp
??: ????:       C:\Program Files (x86)\Microsoft Visual Studio\2022\BuildTools\VC\Tools\MSVC\14.44.35207\include\complex
??: ????:        C:\Program Files (x86)\Microsoft Visual Studio\2022\BuildTools\VC\Tools\MSVC\14.44.35207\include\sstream
??: ????:         C:\Program Files (x86)\Microsoft Visual Studio\2022\BuildTools\VC\Tools\MSVC\14.44.35207\include\istream
??: ????:          C:\Program Files (x86)\Microsoft Visual Studio\2022\BuildTools\VC\Tools\MSVC\14.44.35207\include\__msvc_ostream.hpp
??: ????:           C:\Program Files (x86)\Microsoft Visual Studio\2022\BuildTools\VC\Tools\MSVC\14.44.35207\include\ios
??: ????:            C:\Program Files (x86)\Microsoft Visual Studio\2022\BuildTools\VC\Tools\MSVC\14.44.35207\include\xlocnum
??: ????:             C:\Program Files (x86)\Microsoft Visual Studio\2022\BuildTools\VC\Tools\MSVC\14.44.35207\include\iterator
??: ????:             C:\Program Files (x86)\Microsoft Visual Studio\2022\BuildTools\VC\Tools\MSVC\14.44.35207\include\streambuf
??: ????:              C:\Program Files (x86)\Microsoft Visual Studio\2022\BuildTools\VC\Tools\MSVC\14.44.35207\include\xiosbase
??: ????:               C:\Program Files (x86)\Windows Kits\10\include\10.0.26100.0\ucrt\share.h
??: ????:               C:\Program Files (x86)\Microsoft Visual Studio\2022\BuildTools\VC\Tools\MSVC\14.44.35207\include\xlocale
??: ????:                C:\Program Files (x86)\Microsoft Visual Studio\2022\BuildTools\VC\Tools\MSVC\14.44.35207\include\xfacet
??: ????:                C:\Program Files (x86)\Microsoft Visual Studio\2022\BuildTools\VC\Tools\MSVC\14.44.35207\include\xlocinfo
??: ????:                 C:\Program Files (x86)\Microsoft Visual Studio\2022\BuildTools\VC\Tools\MSVC\14.44.35207\include\__msvc_xlocinfo_types.hpp
??: ????:                 C:\Program Files (x86)\Microsoft Visual Studio\2022\BuildTools\VC\Tools\MSVC\14.44.35207\include\clocale
??: ????:                  C:\Program Files (x86)\Windows Kits\10\include\10.0.26100.0\ucrt\locale.h
??: ????:        C:\Program Files (x86)\Microsoft Visual Studio\2022\BuildTools\VC\Tools\MSVC\14.44.35207\include\ymath.h
??: ????:       C:\Program Files (x86)\Microsoft Visual Studio\2022\BuildTools\VC\Tools\MSVC\14.44.35207\include\ostream
??: ????:      C:\Users\gavinlou\.conan2\p\b\openc7cb995b920d86\p\include\opencv2/core/utility.hpp
??: ????:       C:\Users\gavinlou\.conan2\p\b\openc7cb995b920d86\p\include\opencv2/core.hpp
??: ????:      C:\Users\gavinlou\.conan2\p\b\openc7cb995b920d86\p\include\opencv2/core/optim.hpp
??: ????:       C:\Users\gavinlou\.conan2\p\b\openc7cb995b920d86\p\include\opencv2/core.hpp
??: ????:      C:\Users\gavinlou\.conan2\p\b\openc7cb995b920d86\p\include\opencv2/core/ovx.hpp
??: ????:   C:\Users\gavinlou\Developer\mib-studio-qt\include\backend/recording/RecordingAccounting.h
??: ????:  C:\Users\gavinlou\Developer\mib-studio-qt\include\backend/diagnostics/MemoryBudget.h
??: ????: C:\Users\gavinlou\Developer\mib-studio-qt\include\backend/app/ExperimentCoordinator.h
??: ????:  C:\Program Files (x86)\Microsoft Visual Studio\2022\BuildTools\VC\Tools\MSVC\14.44.35207\include\condition_variable
??: ????: C:\Users\gavinlou\Developer\mib-studio-qt\include\backend/app/Tools.h
??: ????:  C:\Program Files (x86)\Microsoft Visual Studio\2022\BuildTools\VC\Tools\MSVC\14.44.35207\include\chrono
??: ????:   C:\Program Files (x86)\Microsoft Visual Studio\2022\BuildTools\VC\Tools\MSVC\14.44.35207\include\xfilesystem_abi.h
??: ????: C:\Users\gavinlou\Developer\mib-studio-qt\include\backend/services/Logger.h
??: ????:  C:\Users\gavinlou\.conan2\p\spdlo3aa64e17bd7f1\p\include\spdlog/spdlog.h
??: ????:   C:\Users\gavinlou\.conan2\p\spdlo3aa64e17bd7f1\p\include\spdlog/common.h
??: ????:    C:\Users\gavinlou\.conan2\p\spdlo3aa64e17bd7f1\p\include\spdlog/details/null_mutex.h
??: ????:    C:\Users\gavinlou\.conan2\p\spdlo3aa64e17bd7f1\p\include\spdlog/tweakme.h
??: ????:    C:\Users\gavinlou\.conan2\p\spdlo3aa64e17bd7f1\p\include\spdlog/fmt/fmt.h
??: ????:     C:\Users\gavinlou\.conan2\p\fmtb810783b747d3\p\include\fmt/format.h
??: ????:      C:\Users\gavinlou\.conan2\p\fmtb810783b747d3\p\include\fmt\base.h
??: ????:      C:\Program Files (x86)\Microsoft Visual Studio\2022\BuildTools\VC\Tools\MSVC\14.44.35207\include\string_view
??: ????:   C:\Users\gavinlou\.conan2\p\spdlo3aa64e17bd7f1\p\include\spdlog/details/registry.h
??: ????:    C:\Users\gavinlou\.conan2\p\spdlo3aa64e17bd7f1\p\include\spdlog/details/periodic_worker.h
??: ????:   C:\Users\gavinlou\.conan2\p\spdlo3aa64e17bd7f1\p\include\spdlog/details/synchronous_factory.h
??: ????:   C:\Users\gavinlou\.conan2\p\spdlo3aa64e17bd7f1\p\include\spdlog/logger.h
??: ????:    C:\Users\gavinlou\.conan2\p\spdlo3aa64e17bd7f1\p\include\spdlog/details/backtracer.h
??: ????:     C:\Users\gavinlou\.conan2\p\spdlo3aa64e17bd7f1\p\include\spdlog/details/circular_q.h
??: ????:      C:\Program Files (x86)\Microsoft Visual Studio\2022\BuildTools\VC\Tools\MSVC\14.44.35207\include\cassert
??: ????:       C:\Program Files (x86)\Windows Kits\10\include\10.0.26100.0\ucrt\assert.h
??: ????:     C:\Users\gavinlou\.conan2\p\spdlo3aa64e17bd7f1\p\include\spdlog/details/log_msg_buffer.h
??: ????:      C:\Users\gavinlou\.conan2\p\spdlo3aa64e17bd7f1\p\include\spdlog/details/log_msg.h
??: ????:   C:\Users\gavinlou\.conan2\p\spdlo3aa64e17bd7f1\p\include\spdlog/version.h
??: ????: C:\Users\gavinlou\Developer\mib-studio-qt\include\backend/services/CrashReporter.h
??: ????:  C:\Program Files (x86)\Microsoft Visual Studio\2022\BuildTools\VC\Tools\MSVC\14.44.35207\include\filesystem
??: ????:   C:\Program Files (x86)\Microsoft Visual Studio\2022\BuildTools\VC\Tools\MSVC\14.44.35207\include\iomanip
??: ????:    C:\Program Files (x86)\Microsoft Visual Studio\2022\BuildTools\VC\Tools\MSVC\14.44.35207\include\xlocmon
??: ????:    C:\Program Files (x86)\Microsoft Visual Studio\2022\BuildTools\VC\Tools\MSVC\14.44.35207\include\xloctime
??: ????:   C:\Program Files (x86)\Microsoft Visual Studio\2022\BuildTools\VC\Tools\MSVC\14.44.35207\include\locale
??: ????:    C:\Program Files (x86)\Microsoft Visual Studio\2022\BuildTools\VC\Tools\MSVC\14.44.35207\include\xlocbuf
??: ????:    C:\Program Files (x86)\Microsoft Visual Studio\2022\BuildTools\VC\Tools\MSVC\14.44.35207\include\xlocmes
??: ????: C:\Users\gavinlou\Developer\mib-studio-qt\include\backend/diagnostics/CrashStateMirror.h
??: ????:  C:\Users\gavinlou\.conan2\p\nlohm0567ffc90cfc1\p\include\nlohmann/json_fwd.hpp
??: ????:   C:\Program Files (x86)\Microsoft Visual Studio\2022\BuildTools\VC\Tools\MSVC\14.44.35207\include\map
??: ????:    C:\Program Files (x86)\Microsoft Visual Studio\2022\BuildTools\VC\Tools\MSVC\14.44.35207\include\xtree
??: ????:   C:\Users\gavinlou\.conan2\p\nlohm0567ffc90cfc1\p\include\nlohmann/detail/abi_macros.hpp
??: ????: C:\Users\gavinlou\Developer\mib-studio-qt\include\backend/diagnostics/PipelineTimingRecorder.h
??: ????: C:\Users\gavinlou\Developer\mib-studio-qt\include\backend/database/SqliteService.h
??: ????: C:\Users\gavinlou\Developer\mib-studio-qt\include\backend/recording/Hdf5Service.h
??: ????:  C:\Users\gavinlou\Developer\mib-studio-qt\include\backend/processing/ProcessingService.h
??: ????:   C:\Program Files (x86)\Microsoft Visual Studio\2022\BuildTools\VC\Tools\MSVC\14.44.35207\include\shared_mutex
??: ????:   C:\Program Files (x86)\Microsoft Visual Studio\2022\BuildTools\VC\Tools\MSVC\14.44.35207\include\queue
??: ????:    C:\Program Files (x86)\Microsoft Visual Studio\2022\BuildTools\VC\Tools\MSVC\14.44.35207\include\deque
??: ????:   C:\Users\gavinlou\Developer\mib-studio-qt\include\backend/processing/EModulusLut.h
??: ????:   C:\Users\gavinlou\Developer\mib-studio-qt\include\backend/processing/ExperimentFrameBuffer.h
??: ????:   C:\Users\gavinlou\Developer\mib-studio-qt\include\backend/recording/HdfWriteQueue.h
??: ????:  C:\Users\gavinlou\Developer\mib-studio-qt\include\backend/services/TelemetrySample.h
??: ????:   C:\Users\gavinlou\Developer\mib-studio-qt\include\backend/camera/common/TimestampValue.h
??: ????: C:\Users\gavinlou\Developer\mib-studio-qt\include\backend/recording/RoiCrop.h
??: ????: C:\Users\gavinlou\Developer\mib-studio-qt\include\backend/services/CaptureService.h
??: ????:  C:\Users\gavinlou\Developer\mib-studio-qt\include\backend/camera/common/ICamera.h
??: ????:   C:\Users\gavinlou\Developer\mib-studio-qt\include\backend/camera/common/Frame.h
??: ????:  C:\Users\gavinlou\Developer\mib-studio-qt\include\backend/services/CaptureLifecycle.h
??: ????: C:\Users\gavinlou\Developer\mib-studio-qt\include\backend/playback/PlaybackService.h
??: ????: C:\Users\gavinlou\Developer\mib-studio-qt\include\backend/playback/FrameStore.h
??: ????: C:\Users\gavinlou\Developer\mib-studio-qt\include\backend/camera/egrabber/EGrabberCamera.h
??: ????: C:\Users\gavinlou\Developer\mib-studio-qt\include\backend/camera/mindvision/MindVisionCamera.h
??: ????:  C:\Users\gavinlou\Developer\mib-studio-qt\include\backend/services/IlluminationSession.h
??: ????:  C:\Users\gavinlou\Developer\mib-studio-qt\include\backend/camera/mindvision/MindVisionConfig.h
??: ????:   C:\Users\gavinlou\.conan2\p\nlohm0567ffc90cfc1\p\include\nlohmann/json.hpp
??: ????:    C:\Users\gavinlou\.conan2\p\nlohm0567ffc90cfc1\p\include\nlohmann/adl_serializer.hpp
??: ????:     C:\Users\gavinlou\.conan2\p\nlohm0567ffc90cfc1\p\include\nlohmann/detail/conversions/from_json.hpp
??: ????:      C:\Program Files (x86)\Microsoft Visual Studio\2022\BuildTools\VC\Tools\MSVC\14.44.35207\include\forward_list
??: ????:      C:\Program Files (x86)\Microsoft Visual Studio\2022\BuildTools\VC\Tools\MSVC\14.44.35207\include\valarray
??: ????:      C:\Users\gavinlou\.conan2\p\nlohm0567ffc90cfc1\p\include\nlohmann/detail/exceptions.hpp
??: ????:       C:\Users\gavinlou\.conan2\p\nlohm0567ffc90cfc1\p\include\nlohmann/detail/value_t.hpp
??: ????:        C:\Users\gavinlou\.conan2\p\nlohm0567ffc90cfc1\p\include\nlohmann/detail/macro_scope.hpp
??: ????:         C:\Users\gavinlou\.conan2\p\nlohm0567ffc90cfc1\p\include\nlohmann/detail/meta/detected.hpp
??: ????:          C:\Users\gavinlou\.conan2\p\nlohm0567ffc90cfc1\p\include\nlohmann/detail/meta/void_t.hpp
??: ????:         C:\Users\gavinlou\.conan2\p\nlohm0567ffc90cfc1\p\include\nlohmann/thirdparty/hedley/hedley.hpp
??: ????:         C:\Program Files (x86)\Microsoft Visual Studio\2022\BuildTools\VC\Tools\MSVC\14.44.35207\include\version
??: ????:         C:\Program Files (x86)\Microsoft Visual Studio\2022\BuildTools\VC\Tools\MSVC\14.44.35207\include\cassert
??: ????:          C:\Program Files (x86)\Windows Kits\10\include\10.0.26100.0\ucrt\assert.h
??: ????:       C:\Users\gavinlou\.conan2\p\nlohm0567ffc90cfc1\p\include\nlohmann/detail/string_escape.hpp
??: ????:       C:\Users\gavinlou\.conan2\p\nlohm0567ffc90cfc1\p\include\nlohmann/detail/input/position_t.hpp
??: ????:       C:\Users\gavinlou\.conan2\p\nlohm0567ffc90cfc1\p\include\nlohmann/detail/meta/cpp_future.hpp
??: ????:       C:\Users\gavinlou\.conan2\p\nlohm0567ffc90cfc1\p\include\nlohmann/detail/meta/type_traits.hpp
??: ????:        C:\Users\gavinlou\.conan2\p\nlohm0567ffc90cfc1\p\include\nlohmann/detail/iterators/iterator_traits.hpp
??: ????:        C:\Users\gavinlou\.conan2\p\nlohm0567ffc90cfc1\p\include\nlohmann/detail/meta/call_std/begin.hpp
??: ????:        C:\Users\gavinlou\.conan2\p\nlohm0567ffc90cfc1\p\include\nlohmann/detail/meta/call_std/end.hpp
??: ????:       C:\Users\gavinlou\.conan2\p\nlohm0567ffc90cfc1\p\include\nlohmann/detail/string_concat.hpp
??: ????:      C:\Users\gavinlou\.conan2\p\nlohm0567ffc90cfc1\p\include\nlohmann/detail/meta/identity_tag.hpp
??: ????:      C:\Users\gavinlou\.conan2\p\nlohm0567ffc90cfc1\p\include\nlohmann/detail/meta/std_fs.hpp
??: ????:     C:\Users\gavinlou\.conan2\p\nlohm0567ffc90cfc1\p\include\nlohmann/detail/conversions/to_json.hpp
??: ????:      C:\Users\gavinlou\.conan2\p\nlohm0567ffc90cfc1\p\include\nlohmann/detail/iterators/iteration_proxy.hpp
??: ????:    C:\Users\gavinlou\.conan2\p\nlohm0567ffc90cfc1\p\include\nlohmann/byte_container_with_subtype.hpp
??: ????:    C:\Users\gavinlou\.conan2\p\nlohm0567ffc90cfc1\p\include\nlohmann/detail/hash.hpp
??: ????:    C:\Users\gavinlou\.conan2\p\nlohm0567ffc90cfc1\p\include\nlohmann/detail/input/binary_reader.hpp
??: ????:     C:\Users\gavinlou\.conan2\p\nlohm0567ffc90cfc1\p\include\nlohmann/detail/input/input_adapters.hpp
??: ????:      C:\Program Files (x86)\Microsoft Visual Studio\2022\BuildTools\VC\Tools\MSVC\14.44.35207\include\numeric
??: ????:     C:\Users\gavinlou\.conan2\p\nlohm0567ffc90cfc1\p\include\nlohmann/detail/input/json_sax.hpp
??: ????:     C:\Users\gavinlou\.conan2\p\nlohm0567ffc90cfc1\p\include\nlohmann/detail/input/lexer.hpp
??: ????:     C:\Users\gavinlou\.conan2\p\nlohm0567ffc90cfc1\p\include\nlohmann/detail/meta/is_sax.hpp
??: ????:    C:\Users\gavinlou\.conan2\p\nlohm0567ffc90cfc1\p\include\nlohmann/detail/input/parser.hpp
??: ????:    C:\Users\gavinlou\.conan2\p\nlohm0567ffc90cfc1\p\include\nlohmann/detail/iterators/internal_iterator.hpp
??: ????:     C:\Users\gavinlou\.conan2\p\nlohm0567ffc90cfc1\p\include\nlohmann/detail/iterators/primitive_iterator.hpp
??: ????:    C:\Users\gavinlou\.conan2\p\nlohm0567ffc90cfc1\p\include\nlohmann/detail/iterators/iter_impl.hpp
??: ????:    C:\Users\gavinlou\.conan2\p\nlohm0567ffc90cfc1\p\include\nlohmann/detail/iterators/json_reverse_iterator.hpp
??: ????:    C:\Users\gavinlou\.conan2\p\nlohm0567ffc90cfc1\p\include\nlohmann/detail/json_custom_base_class.hpp
??: ????:    C:\Users\gavinlou\.conan2\p\nlohm0567ffc90cfc1\p\include\nlohmann/detail/json_pointer.hpp
??: ????:    C:\Users\gavinlou\.conan2\p\nlohm0567ffc90cfc1\p\include\nlohmann/detail/json_ref.hpp
??: ????:    C:\Users\gavinlou\.conan2\p\nlohm0567ffc90cfc1\p\include\nlohmann/detail/output/binary_writer.hpp
??: ????:     C:\Users\gavinlou\.conan2\p\nlohm0567ffc90cfc1\p\include\nlohmann/detail/output/output_adapters.hpp
??: ????:    C:\Users\gavinlou\.conan2\p\nlohm0567ffc90cfc1\p\include\nlohmann/detail/output/serializer.hpp
??: ????:     C:\Users\gavinlou\.conan2\p\nlohm0567ffc90cfc1\p\include\nlohmann/detail/conversions/to_chars.hpp
??: ????:    C:\Users\gavinlou\.conan2\p\nlohm0567ffc90cfc1\p\include\nlohmann/ordered_map.hpp
??: ????:    C:\Program Files (x86)\Microsoft Visual Studio\2022\BuildTools\VC\Tools\MSVC\14.44.35207\include\any
??: ????:    C:\Users\gavinlou\.conan2\p\nlohm0567ffc90cfc1\p\include\nlohmann/detail/macro_unscope.hpp
??: ????:     C:\Users\gavinlou\.conan2\p\nlohm0567ffc90cfc1\p\include\nlohmann/thirdparty/hedley/hedley_undef.hpp
??: ????:  C:\Users\gavinlou\Developer\mib-studio-qt\include\backend/camera/mindvision/MindVisionFrameGeometry.h
??: ????:   C:\Users\gavinlou\Developer\mib-studio-qt\include\backend/camera/mindvision/MindVisionSdk.h
??: ????: C:\Users\gavinlou\Developer\mib-studio-qt\include\backend/camera/mock/MockCamera.h
??: ????: C:\Users\gavinlou\Developer\mib-studio-qt\include\backend/services/CameraControlService.h
??: ????: C:\Users\gavinlou\Developer\mib-studio-qt\include\backend/services/AutofocusService.h
??: ????: C:\Users\gavinlou\Developer\mib-studio-qt\include\backend/services/TriggerService.h
??: ????: C:\Users\gavinlou\Developer\mib-studio-qt\include\backend/services/YoloService.h
??: ????: C:\Users\gavinlou\Developer\mib-studio-qt\include\backend/services/SerialBus.h
??: ????:  C:\Users\gavinlou\Developer\mib-studio-qt\include\backend/services/ISerialPort.h
??: ????: C:\Users\gavinlou\Developer\mib-studio-qt\include\backend/services/SyringePumpService.h
??: ????: C:\Users\gavinlou\Developer\mib-studio-qt\include\backend/services/PulseGeneratorService.h
??: ????: C:\Program Files (x86)\Microsoft Visual Studio\2022\BuildTools\VC\Tools\MSVC\14.44.35207\include\fstream
??: ????:  C:\Program Files (x86)\Microsoft Visual Studio\2022\BuildTools\VC\Tools\MSVC\14.44.35207\include\__msvc_filebuf.hpp
??: ????: C:\Program Files (x86)\Windows Kits\10\include\10.0.26100.0\um\windows.h
??: ????:  C:\Program Files (x86)\Windows Kits\10\include\10.0.26100.0\shared\winapifamily.h
??: ????:   C:\Program Files (x86)\Windows Kits\10\include\10.0.26100.0\shared\winpackagefamily.h
??: ????:  C:\Program Files (x86)\Windows Kits\10\include\10.0.26100.0\shared\sdkddkver.h
??: ????:  C:\Program Files (x86)\Microsoft Visual Studio\2022\BuildTools\VC\Tools\MSVC\14.44.35207\include\excpt.h
??: ????:  C:\Program Files (x86)\Microsoft Visual Studio\2022\BuildTools\VC\Tools\MSVC\14.44.35207\include\stdarg.h
??: ????:  C:\Program Files (x86)\Windows Kits\10\include\10.0.26100.0\shared\windef.h
??: ????:   C:\Program Files (x86)\Windows Kits\10\include\10.0.26100.0\shared\minwindef.h
??: ????:    C:\Program Files (x86)\Windows Kits\10\include\10.0.26100.0\shared\specstrings.h
??: ????:     C:\Program Files (x86)\Windows Kits\10\include\10.0.26100.0\shared\specstrings_strict.h
??: ????:      C:\Program Files (x86)\Windows Kits\10\include\10.0.26100.0\shared\specstrings_undef.h
??: ????:     C:\Program Files (x86)\Windows Kits\10\include\10.0.26100.0\shared\driverspecs.h
??: ????:      C:\Program Files (x86)\Windows Kits\10\include\10.0.26100.0\shared\sdv_driverspecs.h
??: ????:    C:\Program Files (x86)\Windows Kits\10\include\10.0.26100.0\um\winnt.h
??: ????:     C:\Program Files (x86)\Windows Kits\10\include\10.0.26100.0\shared\kernelspecs.h
??: ????:     C:\Program Files (x86)\Windows Kits\10\include\10.0.26100.0\shared\basetsd.h
??: ????:     C:\Program Files (x86)\Windows Kits\10\include\10.0.26100.0\shared\guiddef.h
??: ????:     C:\Program Files (x86)\Windows Kits\10\include\10.0.26100.0\shared\pshpack4.h
??: ????:     C:\Program Files (x86)\Windows Kits\10\include\10.0.26100.0\shared\poppack.h
??: ????:     C:\Program Files (x86)\Windows Kits\10\include\10.0.26100.0\shared\pshpack4.h
??: ????:     C:\Program Files (x86)\Windows Kits\10\include\10.0.26100.0\shared\poppack.h
??: ????:     C:\Program Files (x86)\Windows Kits\10\include\10.0.26100.0\shared\pshpack4.h
??: ????:     C:\Program Files (x86)\Windows Kits\10\include\10.0.26100.0\shared\pshpack2.h
??: ????:     C:\Program Files (x86)\Windows Kits\10\include\10.0.26100.0\shared\poppack.h
??: ????:     C:\Program Files (x86)\Windows Kits\10\include\10.0.26100.0\shared\pshpack2.h
??: ????:     C:\Program Files (x86)\Windows Kits\10\include\10.0.26100.0\shared\pshpack2.h
??: ????:     C:\Program Files (x86)\Windows Kits\10\include\10.0.26100.0\shared\poppack.h
??: ????:     C:\Program Files (x86)\Windows Kits\10\include\10.0.26100.0\shared\poppack.h
??: ????:     C:\Program Files (x86)\Windows Kits\10\include\10.0.26100.0\shared\pshpack8.h
??: ????:     C:\Program Files (x86)\Windows Kits\10\include\10.0.26100.0\shared\poppack.h
??: ????:     C:\Program Files (x86)\Windows Kits\10\include\10.0.26100.0\shared\pshpack1.h
??: ????:     C:\Program Files (x86)\Windows Kits\10\include\10.0.26100.0\shared\poppack.h
??: ????:     C:\Program Files (x86)\Windows Kits\10\include\10.0.26100.0\shared\pshpack1.h
??: ????:     C:\Program Files (x86)\Windows Kits\10\include\10.0.26100.0\shared\poppack.h
??: ????:     C:\Program Files (x86)\Windows Kits\10\include\10.0.26100.0\shared\poppack.h
??: ????:     C:\Program Files (x86)\Windows Kits\10\include\10.0.26100.0\shared\apiset.h
??: ????:     C:\Program Files (x86)\Windows Kits\10\include\10.0.26100.0\shared\ktmtypes.h
??: ????:  C:\Program Files (x86)\Windows Kits\10\include\10.0.26100.0\um\winbase.h
??: ????:   C:\Program Files (x86)\Windows Kits\10\include\10.0.26100.0\shared\apisetcconv.h
??: ????:   C:\Program Files (x86)\Windows Kits\10\include\10.0.26100.0\um\minwinbase.h
??: ????:   C:\Program Files (x86)\Windows Kits\10\include\10.0.26100.0\um\apiquery2.h
??: ????:   C:\Program Files (x86)\Windows Kits\10\include\10.0.26100.0\um\processenv.h
??: ????:   C:\Program Files (x86)\Windows Kits\10\include\10.0.26100.0\um\fileapifromapp.h
??: ????:    C:\Program Files (x86)\Windows Kits\10\include\10.0.26100.0\um\fileapi.h
??: ????:   C:\Program Files (x86)\Windows Kits\10\include\10.0.26100.0\um\debugapi.h
??: ????:   C:\Program Files (x86)\Windows Kits\10\include\10.0.26100.0\um\utilapiset.h
??: ????:   C:\Program Files (x86)\Windows Kits\10\include\10.0.26100.0\um\handleapi.h
??: ????:   C:\Program Files (x86)\Windows Kits\10\include\10.0.26100.0\um\errhandlingapi.h
??: ????:   C:\Program Files (x86)\Windows Kits\10\include\10.0.26100.0\um\fibersapi.h
??: ????:   C:\Program Files (x86)\Windows Kits\10\include\10.0.26100.0\um\namedpipeapi.h
??: ????:   C:\Program Files (x86)\Windows Kits\10\include\10.0.26100.0\um\profileapi.h
??: ????:   C:\Program Files (x86)\Windows Kits\10\include\10.0.26100.0\um\heapapi.h
??: ????:   C:\Program Files (x86)\Windows Kits\10\include\10.0.26100.0\um\ioapiset.h
??: ????:   C:\Program Files (x86)\Windows Kits\10\include\10.0.26100.0\um\synchapi.h
??: ????:   C:\Program Files (x86)\Windows Kits\10\include\10.0.26100.0\um\interlockedapi.h
??: ????:   C:\Program Files (x86)\Windows Kits\10\include\10.0.26100.0\um\processthreadsapi.h
??: ????:   C:\Program Files (x86)\Windows Kits\10\include\10.0.26100.0\um\sysinfoapi.h
??: ????:   C:\Program Files (x86)\Windows Kits\10\include\10.0.26100.0\um\memoryapi.h
??: ????:   C:\Program Files (x86)\Windows Kits\10\include\10.0.26100.0\um\enclaveapi.h
??: ????:   C:\Program Files (x86)\Windows Kits\10\include\10.0.26100.0\um\threadpoollegacyapiset.h
??: ????:   C:\Program Files (x86)\Windows Kits\10\include\10.0.26100.0\um\threadpoolapiset.h
??: ????:   C:\Program Files (x86)\Windows Kits\10\include\10.0.26100.0\um\jobapi.h
??: ????:   C:\Program Files (x86)\Windows Kits\10\include\10.0.26100.0\um\jobapi2.h
??: ????:   C:\Program Files (x86)\Windows Kits\10\include\10.0.26100.0\um\wow64apiset.h
??: ????:   C:\Program Files (x86)\Windows Kits\10\include\10.0.26100.0\um\libloaderapi.h
??: ????:   C:\Program Files (x86)\Windows Kits\10\include\10.0.26100.0\um\securitybaseapi.h
??: ????:   C:\Program Files (x86)\Windows Kits\10\include\10.0.26100.0\um\namespaceapi.h
??: ????:   C:\Program Files (x86)\Windows Kits\10\include\10.0.26100.0\um\systemtopologyapi.h
??: ????:   C:\Program Files (x86)\Windows Kits\10\include\10.0.26100.0\um\processtopologyapi.h
??: ????:   C:\Program Files (x86)\Windows Kits\10\include\10.0.26100.0\um\securityappcontainer.h
??: ????:   C:\Program Files (x86)\Windows Kits\10\include\10.0.26100.0\um\realtimeapiset.h
??: ????:   C:\Program Files (x86)\Windows Kits\10\include\10.0.26100.0\shared\winerror.h
??: ????:   C:\Program Files (x86)\Windows Kits\10\include\10.0.26100.0\um\timezoneapi.h
??: ????:  C:\Program Files (x86)\Windows Kits\10\include\10.0.26100.0\um\wingdi.h
??: ????:   C:\Program Files (x86)\Windows Kits\10\include\10.0.26100.0\shared\pshpack1.h
??: ????:   C:\Program Files (x86)\Windows Kits\10\include\10.0.26100.0\shared\poppack.h
??: ????:   C:\Program Files (x86)\Windows Kits\10\include\10.0.26100.0\shared\pshpack2.h
??: ????:   C:\Program Files (x86)\Windows Kits\10\include\10.0.26100.0\shared\poppack.h
??: ????:   C:\Program Files (x86)\Windows Kits\10\include\10.0.26100.0\shared\pshpack2.h
??: ????:   C:\Program Files (x86)\Windows Kits\10\include\10.0.26100.0\shared\poppack.h
??: ????:   C:\Program Files (x86)\Windows Kits\10\include\10.0.26100.0\shared\pshpack4.h
??: ????:   C:\Program Files (x86)\Windows Kits\10\include\10.0.26100.0\shared\poppack.h
??: ????:   C:\Program Files (x86)\Windows Kits\10\include\10.0.26100.0\shared\pshpack4.h
??: ????:   C:\Program Files (x86)\Windows Kits\10\include\10.0.26100.0\shared\poppack.h
??: ????:  C:\Program Files (x86)\Windows Kits\10\include\10.0.26100.0\um\winuser.h
??: ????:   C:\Program Files (x86)\Windows Kits\10\include\10.0.26100.0\shared\pshpack2.h
??: ????:   C:\Program Files (x86)\Windows Kits\10\include\10.0.26100.0\shared\poppack.h
??: ????:   C:\Program Files (x86)\Windows Kits\10\include\10.0.26100.0\shared\tvout.h
??: ????:  C:\Program Files (x86)\Windows Kits\10\include\10.0.26100.0\um\winnls.h
??: ????:   C:\Program Files (x86)\Windows Kits\10\include\10.0.26100.0\um\datetimeapi.h
??: ????:   C:\Program Files (x86)\Windows Kits\10\include\10.0.26100.0\um\stringapiset.h
??: ????:    C:\Program Files (x86)\Windows Kits\10\include\10.0.26100.0\um\winnls.h
??: ????:  C:\Program Files (x86)\Windows Kits\10\include\10.0.26100.0\um\wincon.h
??: ????:   C:\Program Files (x86)\Windows Kits\10\include\10.0.26100.0\um\wincontypes.h
??: ????:   C:\Program Files (x86)\Windows Kits\10\include\10.0.26100.0\um\consoleapi.h
??: ????:   C:\Program Files (x86)\Windows Kits\10\include\10.0.26100.0\um\consoleapi2.h
??: ????:   C:\Program Files (x86)\Windows Kits\10\include\10.0.26100.0\um\consoleapi3.h
??: ????:  C:\Program Files (x86)\Windows Kits\10\include\10.0.26100.0\um\winver.h
??: ????:   C:\Program Files (x86)\Windows Kits\10\include\10.0.26100.0\um\verrsrc.h
??: ????:  C:\Program Files (x86)\Windows Kits\10\include\10.0.26100.0\um\winreg.h
??: ????:   C:\Program Files (x86)\Windows Kits\10\include\10.0.26100.0\um\reason.h
??: ????:  C:\Program Files (x86)\Windows Kits\10\include\10.0.26100.0\um\winnetwk.h
??: ????:   C:\Program Files (x86)\Windows Kits\10\include\10.0.26100.0\shared\wnnc.h
??: ????:  C:\Program Files (x86)\Windows Kits\10\include\10.0.26100.0\shared\cderr.h
??: ????:  C:\Program Files (x86)\Windows Kits\10\include\10.0.26100.0\um\dde.h
??: ????:  C:\Program Files (x86)\Windows Kits\10\include\10.0.26100.0\um\ddeml.h
??: ????:  C:\Program Files (x86)\Windows Kits\10\include\10.0.26100.0\um\dlgs.h
??: ????:  C:\Program Files (x86)\Windows Kits\10\include\10.0.26100.0\um\lzexpand.h
??: ????:  C:\Program Files (x86)\Windows Kits\10\include\10.0.26100.0\um\mmsystem.h
??: ????:   C:\Program Files (x86)\Windows Kits\10\include\10.0.26100.0\um\mmsyscom.h
??: ????:    C:\Program Files (x86)\Windows Kits\10\include\10.0.26100.0\shared\pshpack1.h
??: ????:    C:\Program Files (x86)\Windows Kits\10\include\10.0.26100.0\shared\poppack.h
??: ????:   C:\Program Files (x86)\Windows Kits\10\include\10.0.26100.0\shared\pshpack1.h
??: ????:   C:\Program Files (x86)\Windows Kits\10\include\10.0.26100.0\um\mciapi.h
??: ????:    C:\Program Files (x86)\Windows Kits\10\include\10.0.26100.0\um\mmsyscom.h
??: ????:   C:\Program Files (x86)\Windows Kits\10\include\10.0.26100.0\um\mmiscapi.h
??: ????:    C:\Program Files (x86)\Windows Kits\10\include\10.0.26100.0\um\mmsyscom.h
??: ????:   C:\Program Files (x86)\Windows Kits\10\include\10.0.26100.0\um\mmiscapi2.h
??: ????:    C:\Program Files (x86)\Windows Kits\10\include\10.0.26100.0\um\mmsyscom.h
??: ????:   C:\Program Files (x86)\Windows Kits\10\include\10.0.26100.0\um\playsoundapi.h
??: ????:    C:\Program Files (x86)\Windows Kits\10\include\10.0.26100.0\um\mmsyscom.h
??: ????:   C:\Program Files (x86)\Windows Kits\10\include\10.0.26100.0\um\mmeapi.h
??: ????:    C:\Program Files (x86)\Windows Kits\10\include\10.0.26100.0\um\mmsyscom.h
??: ????:   C:\Program Files (x86)\Windows Kits\10\include\10.0.26100.0\um\timeapi.h
??: ????:    C:\Program Files (x86)\Windows Kits\10\include\10.0.26100.0\um\mmsyscom.h
??: ????:   C:\Program Files (x86)\Windows Kits\10\include\10.0.26100.0\um\joystickapi.h
??: ????:    C:\Program Files (x86)\Windows Kits\10\include\10.0.26100.0\um\mmsyscom.h
??: ????:   C:\Program Files (x86)\Windows Kits\10\include\10.0.26100.0\shared\poppack.h
??: ????:  C:\Program Files (x86)\Windows Kits\10\include\10.0.26100.0\um\nb30.h
??: ????:  C:\Program Files (x86)\Windows Kits\10\include\10.0.26100.0\shared\rpc.h
??: ????:   C:\Program Files (x86)\Windows Kits\10\include\10.0.26100.0\shared\pshpack8.h
??: ????:   C:\Program Files (x86)\Windows Kits\10\include\10.0.26100.0\shared\rpcdce.h
??: ????:    C:\Program Files (x86)\Windows Kits\10\include\10.0.26100.0\shared\rpcdcep.h
??: ????:   C:\Program Files (x86)\Windows Kits\10\include\10.0.26100.0\um\rpcnsi.h
??: ????:   C:\Program Files (x86)\Windows Kits\10\include\10.0.26100.0\shared\rpcnterr.h
??: ????:   C:\Program Files (x86)\Windows Kits\10\include\10.0.26100.0\shared\rpcasync.h
??: ????:    C:\Program Files (x86)\Windows Kits\10\include\10.0.26100.0\shared\pshpack8.h
??: ????:    C:\Program Files (x86)\Windows Kits\10\include\10.0.26100.0\shared\poppack.h
??: ????:   C:\Program Files (x86)\Windows Kits\10\include\10.0.26100.0\shared\poppack.h
??: ????:  C:\Program Files (x86)\Windows Kits\10\include\10.0.26100.0\um\shellapi.h
??: ????:  C:\Program Files (x86)\Windows Kits\10\include\10.0.26100.0\um\winperf.h
??: ????:   C:\Program Files (x86)\Windows Kits\10\include\10.0.26100.0\shared\pshpack8.h
??: ????:   C:\Program Files (x86)\Windows Kits\10\include\10.0.26100.0\shared\poppack.h
??: ????:  C:\Program Files (x86)\Windows Kits\10\include\10.0.26100.0\um\winsock.h
??: ????:   C:\Program Files (x86)\Windows Kits\10\include\10.0.26100.0\shared\inaddr.h
??: ????:  C:\Program Files (x86)\Windows Kits\10\include\10.0.26100.0\um\wincrypt.h
??: ????:   C:\Program Files (x86)\Windows Kits\10\include\10.0.26100.0\shared\bcrypt.h
??: ????:   C:\Program Files (x86)\Windows Kits\10\include\10.0.26100.0\um\ncrypt.h
??: ????:   C:\Program Files (x86)\Windows Kits\10\include\10.0.26100.0\um\dpapi.h
??: ????:  C:\Program Files (x86)\Windows Kits\10\include\10.0.26100.0\um\winefs.h
??: ????:  C:\Program Files (x86)\Windows Kits\10\include\10.0.26100.0\um\winscard.h
??: ????:   C:\Program Files (x86)\Windows Kits\10\include\10.0.26100.0\shared\wtypes.h
??: ????:    C:\Program Files (x86)\Windows Kits\10\include\10.0.26100.0\shared\rpcndr.h
??: ????:     C:\Program Files (x86)\Windows Kits\10\include\10.0.26100.0\shared\pshpack8.h
??: ????:     C:\Program Files (x86)\Windows Kits\10\include\10.0.26100.0\um\rpcnsip.h
??: ????:     C:\Program Files (x86)\Windows Kits\10\include\10.0.26100.0\shared\rpcsal.h
??: ????:     C:\Program Files (x86)\Windows Kits\10\include\10.0.26100.0\shared\poppack.h
??: ????:    C:\Program Files (x86)\Windows Kits\10\include\10.0.26100.0\shared\wtypesbase.h
??: ????:     C:\Program Files (x86)\Windows Kits\10\include\10.0.26100.0\shared\guiddef.h
??: ????:   C:\Program Files (x86)\Windows Kits\10\include\10.0.26100.0\um\winioctl.h
??: ????:    C:\Program Files (x86)\Windows Kits\10\include\10.0.26100.0\shared\pshpack1.h
??: ????:    C:\Program Files (x86)\Windows Kits\10\include\10.0.26100.0\shared\poppack.h
??: ????:    C:\Program Files (x86)\Windows Kits\10\include\10.0.26100.0\shared\pshpack1.h
??: ????:    C:\Program Files (x86)\Windows Kits\10\include\10.0.26100.0\shared\poppack.h
??: ????:    C:\Program Files (x86)\Windows Kits\10\include\10.0.26100.0\shared\pshpack1.h
??: ????:    C:\Program Files (x86)\Windows Kits\10\include\10.0.26100.0\shared\poppack.h
??: ????:    C:\Program Files (x86)\Windows Kits\10\include\10.0.26100.0\shared\pshpack1.h
??: ????:    C:\Program Files (x86)\Windows Kits\10\include\10.0.26100.0\shared\poppack.h
??: ????:    C:\Program Files (x86)\Windows Kits\10\include\10.0.26100.0\shared\pshpack1.h
??: ????:    C:\Program Files (x86)\Windows Kits\10\include\10.0.26100.0\shared\poppack.h
??: ????:    C:\Program Files (x86)\Windows Kits\10\include\10.0.26100.0\shared\pshpack1.h
??: ????:    C:\Program Files (x86)\Windows Kits\10\include\10.0.26100.0\shared\poppack.h
??: ????:    C:\Program Files (x86)\Windows Kits\10\include\10.0.26100.0\shared\pshpack1.h
??: ????:    C:\Program Files (x86)\Windows Kits\10\include\10.0.26100.0\shared\poppack.h
??: ????:   C:\Program Files (x86)\Windows Kits\10\include\10.0.26100.0\shared\winsmcrd.h
??: ????:  C:\Program Files (x86)\Windows Kits\10\include\10.0.26100.0\um\winspool.h
??: ????:   C:\Program Files (x86)\Windows Kits\10\include\10.0.26100.0\um\prsht.h
??: ????:    C:\Program Files (x86)\Windows Kits\10\include\10.0.26100.0\shared\pshpack8.h
??: ????:    C:\Program Files (x86)\Windows Kits\10\include\10.0.26100.0\shared\poppack.h
??: ????:  C:\Program Files (x86)\Windows Kits\10\include\10.0.26100.0\um\ole2.h
??: ????:   C:\Program Files (x86)\Windows Kits\10\include\10.0.26100.0\shared\pshpack8.h
??: ????:   C:\Program Files (x86)\Windows Kits\10\include\10.0.26100.0\um\objbase.h
??: ????:    C:\Program Files (x86)\Windows Kits\10\include\10.0.26100.0\shared\pshpack8.h
??: ????:    C:\Program Files (x86)\Windows Kits\10\include\10.0.26100.0\um\combaseapi.h
??: ????:     C:\Program Files (x86)\Windows Kits\10\include\10.0.26100.0\shared\pshpack8.h
??: ????:     C:\Program Files (x86)\Windows Kits\10\include\10.0.26100.0\um\unknwnbase.h
??: ????:     C:\Program Files (x86)\Windows Kits\10\include\10.0.26100.0\um\objidlbase.h
??: ????:     C:\Program Files (x86)\Windows Kits\10\include\10.0.26100.0\shared\guiddef.h
??: ????:     C:\Program Files (x86)\Windows Kits\10\include\10.0.26100.0\um\cguid.h
??: ????:     C:\Program Files (x86)\Windows Kits\10\include\10.0.26100.0\shared\poppack.h
??: ????:    C:\Program Files (x86)\Windows Kits\10\include\10.0.26100.0\um\coml2api.h
??: ????:     C:\Program Files (x86)\Windows Kits\10\include\10.0.26100.0\um\objidl.h
??: ????:      C:\Program Files (x86)\Windows Kits\10\include\10.0.26100.0\um\unknwn.h
??: ????:     C:\Program Files (x86)\Windows Kits\10\include\10.0.26100.0\um\propidlbase.h
??: ????:      C:\Program Files (x86)\Windows Kits\10\include\10.0.26100.0\um\oaidl.h
??: ????:    C:\Program Files (x86)\Windows Kits\10\include\10.0.26100.0\um\urlmon.h
??: ????:     C:\Program Files (x86)\Windows Kits\10\include\10.0.26100.0\um\oleidl.h
??: ????:     C:\Program Files (x86)\Windows Kits\10\include\10.0.26100.0\um\servprov.h
??: ????:     C:\Program Files (x86)\Windows Kits\10\include\10.0.26100.0\um\msxml.h
??: ????:    C:\Program Files (x86)\Windows Kits\10\include\10.0.26100.0\um\propidl.h
??: ????:    C:\Program Files (x86)\Windows Kits\10\include\10.0.26100.0\shared\poppack.h
??: ????:   C:\Program Files (x86)\Windows Kits\10\include\10.0.26100.0\um\oleauto.h
??: ????:    C:\Program Files (x86)\Windows Kits\10\include\10.0.26100.0\shared\pshpack8.h
??: ????:    C:\Program Files (x86)\Windows Kits\10\include\10.0.26100.0\shared\poppack.h
??: ????:   C:\Program Files (x86)\Windows Kits\10\include\10.0.26100.0\shared\poppack.h
??: ????:  C:\Program Files (x86)\Windows Kits\10\include\10.0.26100.0\um\commdlg.h
??: ????:   C:\Program Files (x86)\Windows Kits\10\include\10.0.26100.0\um\prsht.h
??: ????:  C:\Program Files (x86)\Windows Kits\10\include\10.0.26100.0\shared\stralign.h
??: ????:  C:\Program Files (x86)\Windows Kits\10\include\10.0.26100.0\um\winsvc.h
??: ????:  C:\Program Files (x86)\Windows Kits\10\include\10.0.26100.0\um\mcx.h
??: ????:  C:\Program Files (x86)\Windows Kits\10\include\10.0.26100.0\um\imm.h
??: ????:   C:\Program Files (x86)\Windows Kits\10\include\10.0.26100.0\um\ime_cmodes.h
??: ????: C:\Program Files (x86)\Windows Kits\10\include\10.0.26100.0\um\shlobj.h
??: ????:  C:\Program Files (x86)\Windows Kits\10\include\10.0.26100.0\um\commctrl.h
??: ????:   C:\Program Files (x86)\Windows Kits\10\include\10.0.26100.0\um\prsht.h
??: ????:   C:\Program Files (x86)\Windows Kits\10\include\10.0.26100.0\shared\pshpack1.h
??: ????:   C:\Program Files (x86)\Windows Kits\10\include\10.0.26100.0\shared\poppack.h
??: ????:   C:\Program Files (x86)\Windows Kits\10\include\10.0.26100.0\shared\pshpack1.h
??: ????:   C:\Program Files (x86)\Windows Kits\10\include\10.0.26100.0\shared\poppack.h
??: ????:   C:\Program Files (x86)\Windows Kits\10\include\10.0.26100.0\shared\pshpack1.h
??: ????:   C:\Program Files (x86)\Windows Kits\10\include\10.0.26100.0\shared\poppack.h
??: ????:   C:\Program Files (x86)\Windows Kits\10\include\10.0.26100.0\shared\pshpack1.h
??: ????:   C:\Program Files (x86)\Windows Kits\10\include\10.0.26100.0\shared\poppack.h
??: ????:   C:\Program Files (x86)\Windows Kits\10\include\10.0.26100.0\shared\pshpack1.h
??: ????:   C:\Program Files (x86)\Windows Kits\10\include\10.0.26100.0\shared\poppack.h
??: ????:   C:\Program Files (x86)\Windows Kits\10\include\10.0.26100.0\um\dpa_dsa.h
??: ????:  C:\Program Files (x86)\Windows Kits\10\include\10.0.26100.0\um\shtypes.h
??: ????:   C:\Program Files (x86)\Windows Kits\10\include\10.0.26100.0\shared\pshpack1.h
??: ????:   C:\Program Files (x86)\Windows Kits\10\include\10.0.26100.0\shared\poppack.h
??: ????:   C:\Program Files (x86)\Windows Kits\10\include\10.0.26100.0\shared\pshpack1.h
??: ????:   C:\Program Files (x86)\Windows Kits\10\include\10.0.26100.0\shared\poppack.h
??: ????:   C:\Program Files (x86)\Windows Kits\10\include\10.0.26100.0\shared\pshpack8.h
??: ????:   C:\Program Files (x86)\Windows Kits\10\include\10.0.26100.0\shared\poppack.h
??: ????:   C:\Program Files (x86)\Windows Kits\10\include\10.0.26100.0\shared\pshpack1.h
??: ????:   C:\Program Files (x86)\Windows Kits\10\include\10.0.26100.0\shared\poppack.h
??: ????:  C:\Program Files (x86)\Windows Kits\10\include\10.0.26100.0\um\shobjidl.h
??: ????:   C:\Program Files (x86)\Windows Kits\10\include\10.0.26100.0\um\docobj.h
??: ????:    C:\Program Files (x86)\Windows Kits\10\include\10.0.26100.0\um\ocidl.h
??: ????:   C:\Program Files (x86)\Windows Kits\10\include\10.0.26100.0\um\comcat.h
??: ????:   C:\Program Files (x86)\Windows Kits\10\include\10.0.26100.0\um\prsht.h
??: ????:   C:\Program Files (x86)\Windows Kits\10\include\10.0.26100.0\um\propsys.h
??: ????:    C:\Program Files (x86)\Windows Kits\10\include\10.0.26100.0\um\StructuredQueryCondition.h
??: ????:    C:\Program Files (x86)\Windows Kits\10\include\10.0.26100.0\um\propkeydef.h
??: ????:   C:\Program Files (x86)\Windows Kits\10\include\10.0.26100.0\um\ObjectArray.h
??: ????:   C:\Program Files (x86)\Windows Kits\10\include\10.0.26100.0\um\shobjidl_core.h
??: ????:    C:\Program Files (x86)\Windows Kits\10\include\10.0.26100.0\um\sherrors.h
??: ????:    C:\Program Files (x86)\Windows Kits\10\include\10.0.26100.0\shared\pshpack8.h
??: ????:    C:\Program Files (x86)\Windows Kits\10\include\10.0.26100.0\shared\poppack.h
??: ????:    C:\Program Files (x86)\Windows Kits\10\include\10.0.26100.0\shared\pshpack8.h
??: ????:    C:\Program Files (x86)\Windows Kits\10\include\10.0.26100.0\shared\poppack.h
??: ????:    C:\Program Files (x86)\Windows Kits\10\include\10.0.26100.0\um\prsht.h
??: ????:    C:\Program Files (x86)\Windows Kits\10\include\10.0.26100.0\shared\pshpack8.h
??: ????:    C:\Program Files (x86)\Windows Kits\10\include\10.0.26100.0\shared\poppack.h
??: ????:    C:\Program Files (x86)\Windows Kits\10\include\10.0.26100.0\shared\pshpack8.h
??: ????:    C:\Program Files (x86)\Windows Kits\10\include\10.0.26100.0\shared\poppack.h
??: ????:    C:\Program Files (x86)\Windows Kits\10\include\10.0.26100.0\shared\pshpack8.h
??: ????:    C:\Program Files (x86)\Windows Kits\10\include\10.0.26100.0\shared\poppack.h
??: ????:    C:\Program Files (x86)\Windows Kits\10\include\10.0.26100.0\shared\pshpack8.h
??: ????:    C:\Program Files (x86)\Windows Kits\10\include\10.0.26100.0\shared\poppack.h
??: ????:    C:\Program Files (x86)\Windows Kits\10\include\10.0.26100.0\shared\pshpack8.h
??: ????:    C:\Program Files (x86)\Windows Kits\10\include\10.0.26100.0\shared\poppack.h
??: ????:    C:\Program Files (x86)\Windows Kits\10\include\10.0.26100.0\shared\pshpack1.h
??: ????:    C:\Program Files (x86)\Windows Kits\10\include\10.0.26100.0\shared\poppack.h
??: ????:    C:\Program Files (x86)\Windows Kits\10\include\10.0.26100.0\shared\pshpack8.h
??: ????:    C:\Program Files (x86)\Windows Kits\10\include\10.0.26100.0\shared\poppack.h
??: ????:  C:\Program Files (x86)\Windows Kits\10\include\10.0.26100.0\um\shlobj_core.h
??: ????:   C:\Program Files (x86)\Windows Kits\10\include\10.0.26100.0\um\shlguid.h
??: ????:    C:\Program Files (x86)\Windows Kits\10\include\10.0.26100.0\um\isguids.h
??: ????:    C:\Program Files (x86)\Windows Kits\10\include\10.0.26100.0\um\exdisp.h
??: ????:    C:\Program Files (x86)\Windows Kits\10\include\10.0.26100.0\um\shldisp.h
??: ????:    C:\Program Files (x86)\Windows Kits\10\include\10.0.26100.0\um\knownfolders.h
??: ????:   C:\Program Files (x86)\Windows Kits\10\include\10.0.26100.0\shared\pshpack1.h
??: ????:   C:\Program Files (x86)\Windows Kits\10\include\10.0.26100.0\shared\pshpack8.h
??: ????:   C:\Program Files (x86)\Windows Kits\10\include\10.0.26100.0\shared\poppack.h
??: ????:   C:\Program Files (x86)\Windows Kits\10\include\10.0.26100.0\shared\pshpack8.h
??: ????:   C:\Program Files (x86)\Windows Kits\10\include\10.0.26100.0\shared\poppack.h
??: ????:   C:\Program Files (x86)\Windows Kits\10\include\10.0.26100.0\shared\pshpack8.h
??: ????:   C:\Program Files (x86)\Windows Kits\10\include\10.0.26100.0\shared\poppack.h
??: ????:   C:\Program Files (x86)\Windows Kits\10\include\10.0.26100.0\shared\pshpack1.h
??: ????:   C:\Program Files (x86)\Windows Kits\10\include\10.0.26100.0\shared\poppack.h
??: ????:   C:\Program Files (x86)\Windows Kits\10\include\10.0.26100.0\shared\pshpack8.h
??: ????:   C:\Program Files (x86)\Windows Kits\10\include\10.0.26100.0\shared\poppack.h
??: ????:   C:\Program Files (x86)\Windows Kits\10\include\10.0.26100.0\shared\pshpack8.h
??: ????:   C:\Program Files (x86)\Windows Kits\10\include\10.0.26100.0\shared\poppack.h
??: ????:   C:\Program Files (x86)\Windows Kits\10\include\10.0.26100.0\shared\pshpack8.h
??: ????:   C:\Program Files (x86)\Windows Kits\10\include\10.0.26100.0\shared\poppack.h
??: ????:   C:\Program Files (x86)\Windows Kits\10\include\10.0.26100.0\shared\poppack.h
??: ????:  C:\Program Files (x86)\Windows Kits\10\include\10.0.26100.0\shared\pshpack1.h
??: ????:  C:\Program Files (x86)\Windows Kits\10\include\10.0.26100.0\shared\pshpack8.h
??: ????:  C:\Program Files (x86)\Windows Kits\10\include\10.0.26100.0\shared\poppack.h
??: ????:  C:\Program Files (x86)\Windows Kits\10\include\10.0.26100.0\shared\pshpack1.h
??: ????:  C:\Program Files (x86)\Windows Kits\10\include\10.0.26100.0\shared\poppack.h
??: ????:  C:\Program Files (x86)\Windows Kits\10\include\10.0.26100.0\shared\pshpack8.h
??: ????:  C:\Program Files (x86)\Windows Kits\10\include\10.0.26100.0\shared\poppack.h
??: ????:  C:\Program Files (x86)\Windows Kits\10\include\10.0.26100.0\shared\pshpack8.h
??: ????:  C:\Program Files (x86)\Windows Kits\10\include\10.0.26100.0\shared\poppack.h
??: ????:  C:\Program Files (x86)\Windows Kits\10\include\10.0.26100.0\shared\pshpack8.h
??: ????:  C:\Program Files (x86)\Windows Kits\10\include\10.0.26100.0\shared\poppack.h
??: ????:  C:\Program Files (x86)\Windows Kits\10\include\10.0.26100.0\shared\pshpack8.h
??: ????:  C:\Program Files (x86)\Windows Kits\10\include\10.0.26100.0\shared\poppack.h
??: ????:  C:\Program Files (x86)\Windows Kits\10\include\10.0.26100.0\shared\poppack.h
[3/20] Linking CXX static library mib_backend.lib
[4/20] Automatic MOC and UIC for target mib_backend_tests
[5/19] Linking CXX executable Release\processing_core_cache_test.exe
[6/19] Linking CXX executable Release\processing_core_loader_test.exe
[7/19] Linking CXX executable Release\processing_core_fixture_matrix_test.exe
[8/19] Linking CXX executable Release\mib_backend_smoke_test.exe
[9/19] Linking CXX executable Release\hdf5_exit_teardown_test.exe
[10/19] Linking CXX executable Release\crash_reporter_terminate_test.exe
[11/19] Linking CXX executable Release\crash_reporter_segv_test.exe
[12/19] Linking CXX executable Release\hdf_export_service_test.exe
[13/19] Linking CXX executable Release\kin10_hf_dataset_pipeline_test.exe
[14/19] Linking CXX executable Release\kin6_batch_pipeline_evidence.exe
[15/19] Linking CXX executable Release\mib_frontend_tests.exe
[16/19] Building CXX object tests\CMakeFiles\mib_backend_tests.dir\backend\illuminated_live_test.cpp.obj
??: ????: C:\Users\gavinlou\Developer\mib-studio-qt\include\backend/camera/mindvision/MindVisionCamera.h
??: ????:  C:\Users\gavinlou\Developer\mib-studio-qt\include\backend/camera/common/ICamera.h
??: ????:   C:\Users\gavinlou\Developer\mib-studio-qt\include\backend/camera/common/Frame.h
??: ????:    C:\Program Files (x86)\Microsoft Visual Studio\2022\BuildTools\VC\Tools\MSVC\14.44.35207\include\cstddef
??: ????:     C:\Program Files (x86)\Microsoft Visual Studio\2022\BuildTools\VC\Tools\MSVC\14.44.35207\include\yvals_core.h
??: ????:      C:\Program Files (x86)\Microsoft Visual Studio\2022\BuildTools\VC\Tools\MSVC\14.44.35207\include\vcruntime.h
??: ????:       C:\Program Files (x86)\Microsoft Visual Studio\2022\BuildTools\VC\Tools\MSVC\14.44.35207\include\sal.h
??: ????:        C:\Program Files (x86)\Microsoft Visual Studio\2022\BuildTools\VC\Tools\MSVC\14.44.35207\include\concurrencysal.h
??: ????:       C:\Program Files (x86)\Microsoft Visual Studio\2022\BuildTools\VC\Tools\MSVC\14.44.35207\include\vadefs.h
??: ????:      C:\Program Files (x86)\Microsoft Visual Studio\2022\BuildTools\VC\Tools\MSVC\14.44.35207\include\xkeycheck.h
??: ????:     C:\Program Files (x86)\Windows Kits\10\include\10.0.26100.0\ucrt\stddef.h
??: ????:      C:\Program Files (x86)\Windows Kits\10\include\10.0.26100.0\ucrt\corecrt.h
??: ????:     C:\Program Files (x86)\Microsoft Visual Studio\2022\BuildTools\VC\Tools\MSVC\14.44.35207\include\xtr1common
??: ????:    C:\Program Files (x86)\Microsoft Visual Studio\2022\BuildTools\VC\Tools\MSVC\14.44.35207\include\cstdint
??: ????:     C:\Program Files (x86)\Microsoft Visual Studio\2022\BuildTools\VC\Tools\MSVC\14.44.35207\include\stdint.h
??: ????:    C:\Program Files (x86)\Microsoft Visual Studio\2022\BuildTools\VC\Tools\MSVC\14.44.35207\include\vector
??: ????:     C:\Program Files (x86)\Microsoft Visual Studio\2022\BuildTools\VC\Tools\MSVC\14.44.35207\include\__msvc_bit_utils.hpp
??: ????:      C:\Program Files (x86)\Microsoft Visual Studio\2022\BuildTools\VC\Tools\MSVC\14.44.35207\include\climits
??: ????:       C:\Program Files (x86)\Microsoft Visual Studio\2022\BuildTools\VC\Tools\MSVC\14.44.35207\include\limits.h
??: ????:      C:\Program Files (x86)\Microsoft Visual Studio\2022\BuildTools\VC\Tools\MSVC\14.44.35207\include\intrin0.h
??: ????:       C:\Program Files (x86)\Microsoft Visual Studio\2022\BuildTools\VC\Tools\MSVC\14.44.35207\include\intrin0.inl.h
??: ????:     C:\Program Files (x86)\Microsoft Visual Studio\2022\BuildTools\VC\Tools\MSVC\14.44.35207\include\__msvc_sanitizer_annotate_container.hpp
??: ????:     C:\Program Files (x86)\Microsoft Visual Studio\2022\BuildTools\VC\Tools\MSVC\14.44.35207\include\xmemory
??: ????:      C:\Program Files (x86)\Microsoft Visual Studio\2022\BuildTools\VC\Tools\MSVC\14.44.35207\include\cstdlib
??: ????:       C:\Program Files (x86)\Windows Kits\10\include\10.0.26100.0\ucrt\math.h
??: ????:        C:\Program Files (x86)\Windows Kits\10\include\10.0.26100.0\ucrt\corecrt_math.h
??: ????:       C:\Program Files (x86)\Windows Kits\10\include\10.0.26100.0\ucrt\stdlib.h
??: ????:        C:\Program Files (x86)\Windows Kits\10\include\10.0.26100.0\ucrt\corecrt_malloc.h
??: ????:        C:\Program Files (x86)\Windows Kits\10\include\10.0.26100.0\ucrt\corecrt_search.h
??: ????:        C:\Program Files (x86)\Windows Kits\10\include\10.0.26100.0\ucrt\corecrt_wstdlib.h
??: ????:      C:\Program Files (x86)\Microsoft Visual Studio\2022\BuildTools\VC\Tools\MSVC\14.44.35207\include\limits
??: ????:       C:\Program Files (x86)\Microsoft Visual Studio\2022\BuildTools\VC\Tools\MSVC\14.44.35207\include\cfloat
??: ????:        C:\Program Files (x86)\Windows Kits\10\include\10.0.26100.0\ucrt\float.h
??: ????:       C:\Program Files (x86)\Microsoft Visual Studio\2022\BuildTools\VC\Tools\MSVC\14.44.35207\include\cwchar
??: ????:        C:\Program Files (x86)\Microsoft Visual Studio\2022\BuildTools\VC\Tools\MSVC\14.44.35207\include\cstdio
??: ????:         C:\Program Files (x86)\Windows Kits\10\include\10.0.26100.0\ucrt\stdio.h
??: ????:          C:\Program Files (x86)\Windows Kits\10\include\10.0.26100.0\ucrt\corecrt_wstdio.h
??: ????:           C:\Program Files (x86)\Windows Kits\10\include\10.0.26100.0\ucrt\corecrt_stdio_config.h
??: ????:        C:\Program Files (x86)\Windows Kits\10\include\10.0.26100.0\ucrt\wchar.h
??: ????:         C:\Program Files (x86)\Windows Kits\10\include\10.0.26100.0\ucrt\corecrt_memcpy_s.h
??: ????:          C:\Program Files (x86)\Windows Kits\10\include\10.0.26100.0\ucrt\errno.h
??: ????:          C:\Program Files (x86)\Microsoft Visual Studio\2022\BuildTools\VC\Tools\MSVC\14.44.35207\include\vcruntime_string.h
??: ????:         C:\Program Files (x86)\Windows Kits\10\include\10.0.26100.0\ucrt\corecrt_wconio.h
??: ????:         C:\Program Files (x86)\Windows Kits\10\include\10.0.26100.0\ucrt\corecrt_wctype.h
??: ????:         C:\Program Files (x86)\Windows Kits\10\include\10.0.26100.0\ucrt\corecrt_wdirect.h
??: ????:         C:\Program Files (x86)\Windows Kits\10\include\10.0.26100.0\ucrt\corecrt_wio.h
??: ????:          C:\Program Files (x86)\Windows Kits\10\include\10.0.26100.0\ucrt\corecrt_share.h
??: ????:         C:\Program Files (x86)\Windows Kits\10\include\10.0.26100.0\ucrt\corecrt_wprocess.h
??: ????:         C:\Program Files (x86)\Windows Kits\10\include\10.0.26100.0\ucrt\corecrt_wstring.h
??: ????:         C:\Program Files (x86)\Windows Kits\10\include\10.0.26100.0\ucrt\corecrt_wtime.h
??: ????:         C:\Program Files (x86)\Windows Kits\10\include\10.0.26100.0\ucrt\sys/stat.h
??: ????:          C:\Program Files (x86)\Windows Kits\10\include\10.0.26100.0\ucrt\sys/types.h
??: ????:         C:\Program Files (x86)\Microsoft Visual Studio\2022\BuildTools\VC\Tools\MSVC\14.44.35207\include\intrin.h
??: ????:          C:\Program Files (x86)\Microsoft Visual Studio\2022\BuildTools\VC\Tools\MSVC\14.44.35207\include\setjmp.h
??: ????:          C:\Program Files (x86)\Microsoft Visual Studio\2022\BuildTools\VC\Tools\MSVC\14.44.35207\include\immintrin.h
??: ????:           C:\Program Files (x86)\Microsoft Visual Studio\2022\BuildTools\VC\Tools\MSVC\14.44.35207\include\wmmintrin.h
??: ????:            C:\Program Files (x86)\Microsoft Visual Studio\2022\BuildTools\VC\Tools\MSVC\14.44.35207\include\nmmintrin.h
??: ????:             C:\Program Files (x86)\Microsoft Visual Studio\2022\BuildTools\VC\Tools\MSVC\14.44.35207\include\smmintrin.h
??: ????:              C:\Program Files (x86)\Microsoft Visual Studio\2022\BuildTools\VC\Tools\MSVC\14.44.35207\include\tmmintrin.h
??: ????:               C:\Program Files (x86)\Microsoft Visual Studio\2022\BuildTools\VC\Tools\MSVC\14.44.35207\include\pmmintrin.h
??: ????:                C:\Program Files (x86)\Microsoft Visual Studio\2022\BuildTools\VC\Tools\MSVC\14.44.35207\include\emmintrin.h
??: ????:                 C:\Program Files (x86)\Microsoft Visual Studio\2022\BuildTools\VC\Tools\MSVC\14.44.35207\include\xmmintrin.h
??: ????:                  C:\Program Files (x86)\Microsoft Visual Studio\2022\BuildTools\VC\Tools\MSVC\14.44.35207\include\mmintrin.h
??: ????:                  C:\Program Files (x86)\Windows Kits\10\include\10.0.26100.0\ucrt\malloc.h
??: ????:           C:\Program Files (x86)\Microsoft Visual Studio\2022\BuildTools\VC\Tools\MSVC\14.44.35207\include\zmmintrin.h
??: ????:          C:\Program Files (x86)\Microsoft Visual Studio\2022\BuildTools\VC\Tools\MSVC\14.44.35207\include\ammintrin.h
??: ????:      C:\Program Files (x86)\Microsoft Visual Studio\2022\BuildTools\VC\Tools\MSVC\14.44.35207\include\new
??: ????:       C:\Program Files (x86)\Microsoft Visual Studio\2022\BuildTools\VC\Tools\MSVC\14.44.35207\include\exception
??: ????:        C:\Program Files (x86)\Microsoft Visual Studio\2022\BuildTools\VC\Tools\MSVC\14.44.35207\include\yvals.h
??: ????:         C:\Program Files (x86)\Windows Kits\10\include\10.0.26100.0\ucrt\crtdbg.h
??: ????:          C:\Program Files (x86)\Microsoft Visual Studio\2022\BuildTools\VC\Tools\MSVC\14.44.35207\include\vcruntime_new_debug.h
??: ????:           C:\Program Files (x86)\Microsoft Visual Studio\2022\BuildTools\VC\Tools\MSVC\14.44.35207\include\vcruntime_new.h
??: ????:         C:\Program Files (x86)\Microsoft Visual Studio\2022\BuildTools\VC\Tools\MSVC\14.44.35207\include\crtdefs.h
??: ????:         C:\Program Files (x86)\Microsoft Visual Studio\2022\BuildTools\VC\Tools\MSVC\14.44.35207\include\use_ansi.h
??: ????:        C:\Program Files (x86)\Microsoft Visual Studio\2022\BuildTools\VC\Tools\MSVC\14.44.35207\include\type_traits
??: ????:         C:\Program Files (x86)\Microsoft Visual Studio\2022\BuildTools\VC\Tools\MSVC\14.44.35207\include\cstring
??: ????:          C:\Program Files (x86)\Windows Kits\10\include\10.0.26100.0\ucrt\string.h
??: ????:           C:\Program Files (x86)\Windows Kits\10\include\10.0.26100.0\ucrt\corecrt_memory.h
??: ????:        C:\Program Files (x86)\Microsoft Visual Studio\2022\BuildTools\VC\Tools\MSVC\14.44.35207\include\vcruntime_exception.h
??: ????:         C:\Program Files (x86)\Microsoft Visual Studio\2022\BuildTools\VC\Tools\MSVC\14.44.35207\include\eh.h
??: ????:          C:\Program Files (x86)\Windows Kits\10\include\10.0.26100.0\ucrt\corecrt_terminate.h
??: ????:      C:\Program Files (x86)\Microsoft Visual Studio\2022\BuildTools\VC\Tools\MSVC\14.44.35207\include\xatomic.h
??: ????:      C:\Program Files (x86)\Microsoft Visual Studio\2022\BuildTools\VC\Tools\MSVC\14.44.35207\include\xutility
??: ????:       C:\Program Files (x86)\Microsoft Visual Studio\2022\BuildTools\VC\Tools\MSVC\14.44.35207\include\__msvc_iter_core.hpp
??: ????:        C:\Program Files (x86)\Microsoft Visual Studio\2022\BuildTools\VC\Tools\MSVC\14.44.35207\include\utility
??: ????:         C:\Program Files (x86)\Microsoft Visual Studio\2022\BuildTools\VC\Tools\MSVC\14.44.35207\include\initializer_list
??: ????:     C:\Program Files (x86)\Microsoft Visual Studio\2022\BuildTools\VC\Tools\MSVC\14.44.35207\include\xpolymorphic_allocator.h
??: ????:      C:\Program Files (x86)\Microsoft Visual Studio\2022\BuildTools\VC\Tools\MSVC\14.44.35207\include\tuple
??: ????:   C:\Users\gavinlou\Developer\mib-studio-qt\include\backend/camera/common/TimestampValue.h
??: ????:    C:\Program Files (x86)\Microsoft Visual Studio\2022\BuildTools\VC\Tools\MSVC\14.44.35207\include\optional
??: ????:     C:\Program Files (x86)\Microsoft Visual Studio\2022\BuildTools\VC\Tools\MSVC\14.44.35207\include\xsmf_control.h
??: ????:    C:\Program Files (x86)\Microsoft Visual Studio\2022\BuildTools\VC\Tools\MSVC\14.44.35207\include\string
??: ????:     C:\Program Files (x86)\Microsoft Visual Studio\2022\BuildTools\VC\Tools\MSVC\14.44.35207\include\xstring
??: ????:      C:\Program Files (x86)\Microsoft Visual Studio\2022\BuildTools\VC\Tools\MSVC\14.44.35207\include\__msvc_string_view.hpp
??: ????:       C:\Program Files (x86)\Microsoft Visual Studio\2022\BuildTools\VC\Tools\MSVC\14.44.35207\include\iosfwd
??: ????:     C:\Program Files (x86)\Microsoft Visual Studio\2022\BuildTools\VC\Tools\MSVC\14.44.35207\include\cctype
??: ????:      C:\Program Files (x86)\Windows Kits\10\include\10.0.26100.0\ucrt\ctype.h
??: ????:  C:\Users\gavinlou\Developer\mib-studio-qt\include\backend/services/IlluminationSession.h
??: ????:   C:\Program Files (x86)\Microsoft Visual Studio\2022\BuildTools\VC\Tools\MSVC\14.44.35207\include\functional
??: ????:    C:\Program Files (x86)\Microsoft Visual Studio\2022\BuildTools\VC\Tools\MSVC\14.44.35207\include\typeinfo
??: ????:     C:\Program Files (x86)\Microsoft Visual Studio\2022\BuildTools\VC\Tools\MSVC\14.44.35207\include\vcruntime_typeinfo.h
??: ????:    C:\Program Files (x86)\Microsoft Visual Studio\2022\BuildTools\VC\Tools\MSVC\14.44.35207\include\unordered_map
??: ????:     C:\Program Files (x86)\Microsoft Visual Studio\2022\BuildTools\VC\Tools\MSVC\14.44.35207\include\xhash
??: ????:      C:\Program Files (x86)\Microsoft Visual Studio\2022\BuildTools\VC\Tools\MSVC\14.44.35207\include\cmath
??: ????:      C:\Program Files (x86)\Microsoft Visual Studio\2022\BuildTools\VC\Tools\MSVC\14.44.35207\include\list
??: ????:      C:\Program Files (x86)\Microsoft Visual Studio\2022\BuildTools\VC\Tools\MSVC\14.44.35207\include\xbit_ops.h
??: ????:      C:\Program Files (x86)\Microsoft Visual Studio\2022\BuildTools\VC\Tools\MSVC\14.44.35207\include\xnode_handle.h
??: ????:  C:\Users\gavinlou\Developer\mib-studio-qt\include\backend/camera/mindvision/MindVisionConfig.h
??: ????:   C:\Users\gavinlou\.conan2\p\nlohm0567ffc90cfc1\p\include\nlohmann/json.hpp
??: ????:    C:\Program Files (x86)\Microsoft Visual Studio\2022\BuildTools\VC\Tools\MSVC\14.44.35207\include\algorithm
??: ????:     C:\Program Files (x86)\Microsoft Visual Studio\2022\BuildTools\VC\Tools\MSVC\14.44.35207\include\__msvc_heap_algorithms.hpp
??: ????:     C:\Program Files (x86)\Microsoft Visual Studio\2022\BuildTools\VC\Tools\MSVC\14.44.35207\include\__msvc_minmax.hpp
??: ????:    C:\Program Files (x86)\Microsoft Visual Studio\2022\BuildTools\VC\Tools\MSVC\14.44.35207\include\iterator
??: ????:    C:\Program Files (x86)\Microsoft Visual Studio\2022\BuildTools\VC\Tools\MSVC\14.44.35207\include\memory
??: ????:    C:\Users\gavinlou\.conan2\p\nlohm0567ffc90cfc1\p\include\nlohmann/adl_serializer.hpp
??: ????:     C:\Users\gavinlou\.conan2\p\nlohm0567ffc90cfc1\p\include\nlohmann/detail/abi_macros.hpp
??: ????:     C:\Users\gavinlou\.conan2\p\nlohm0567ffc90cfc1\p\include\nlohmann/detail/conversions/from_json.hpp
??: ????:      C:\Program Files (x86)\Microsoft Visual Studio\2022\BuildTools\VC\Tools\MSVC\14.44.35207\include\array
??: ????:      C:\Program Files (x86)\Microsoft Visual Studio\2022\BuildTools\VC\Tools\MSVC\14.44.35207\include\forward_list
??: ????:      C:\Program Files (x86)\Microsoft Visual Studio\2022\BuildTools\VC\Tools\MSVC\14.44.35207\include\map
??: ????:       C:\Program Files (x86)\Microsoft Visual Studio\2022\BuildTools\VC\Tools\MSVC\14.44.35207\include\xtree
??: ????:      C:\Program Files (x86)\Microsoft Visual Studio\2022\BuildTools\VC\Tools\MSVC\14.44.35207\include\valarray
??: ????:      C:\Users\gavinlou\.conan2\p\nlohm0567ffc90cfc1\p\include\nlohmann/detail/exceptions.hpp
??: ????:       C:\Program Files (x86)\Microsoft Visual Studio\2022\BuildTools\VC\Tools\MSVC\14.44.35207\include\stdexcept
??: ????:       C:\Users\gavinlou\.conan2\p\nlohm0567ffc90cfc1\p\include\nlohmann/detail/value_t.hpp
??: ????:        C:\Users\gavinlou\.conan2\p\nlohm0567ffc90cfc1\p\include\nlohmann/detail/macro_scope.hpp
??: ????:         C:\Users\gavinlou\.conan2\p\nlohm0567ffc90cfc1\p\include\nlohmann/detail/meta/detected.hpp
??: ????:          C:\Users\gavinlou\.conan2\p\nlohm0567ffc90cfc1\p\include\nlohmann/detail/meta/void_t.hpp
??: ????:         C:\Users\gavinlou\.conan2\p\nlohm0567ffc90cfc1\p\include\nlohmann/thirdparty/hedley/hedley.hpp
??: ????:         C:\Program Files (x86)\Microsoft Visual Studio\2022\BuildTools\VC\Tools\MSVC\14.44.35207\include\version
??: ????:         C:\Program Files (x86)\Microsoft Visual Studio\2022\BuildTools\VC\Tools\MSVC\14.44.35207\include\cassert
??: ????:          C:\Program Files (x86)\Windows Kits\10\include\10.0.26100.0\ucrt\assert.h
??: ????:       C:\Users\gavinlou\.conan2\p\nlohm0567ffc90cfc1\p\include\nlohmann/detail/string_escape.hpp
??: ????:       C:\Users\gavinlou\.conan2\p\nlohm0567ffc90cfc1\p\include\nlohmann/detail/input/position_t.hpp
??: ????:       C:\Users\gavinlou\.conan2\p\nlohm0567ffc90cfc1\p\include\nlohmann/detail/meta/cpp_future.hpp
??: ????:       C:\Users\gavinlou\.conan2\p\nlohm0567ffc90cfc1\p\include\nlohmann/detail/meta/type_traits.hpp
??: ????:        C:\Users\gavinlou\.conan2\p\nlohm0567ffc90cfc1\p\include\nlohmann/detail/iterators/iterator_traits.hpp
??: ????:        C:\Users\gavinlou\.conan2\p\nlohm0567ffc90cfc1\p\include\nlohmann/detail/meta/call_std/begin.hpp
??: ????:        C:\Users\gavinlou\.conan2\p\nlohm0567ffc90cfc1\p\include\nlohmann/detail/meta/call_std/end.hpp
??: ????:        C:\Users\gavinlou\.conan2\p\nlohm0567ffc90cfc1\p\include\nlohmann/json_fwd.hpp
??: ????:       C:\Users\gavinlou\.conan2\p\nlohm0567ffc90cfc1\p\include\nlohmann/detail/string_concat.hpp
??: ????:      C:\Users\gavinlou\.conan2\p\nlohm0567ffc90cfc1\p\include\nlohmann/detail/meta/identity_tag.hpp
??: ????:      C:\Users\gavinlou\.conan2\p\nlohm0567ffc90cfc1\p\include\nlohmann/detail/meta/std_fs.hpp
??: ????:       C:\Program Files (x86)\Microsoft Visual Studio\2022\BuildTools\VC\Tools\MSVC\14.44.35207\include\filesystem
??: ????:        C:\Program Files (x86)\Microsoft Visual Studio\2022\BuildTools\VC\Tools\MSVC\14.44.35207\include\chrono
??: ????:         C:\Program Files (x86)\Microsoft Visual Studio\2022\BuildTools\VC\Tools\MSVC\14.44.35207\include\__msvc_chrono.hpp
??: ????:          C:\Program Files (x86)\Microsoft Visual Studio\2022\BuildTools\VC\Tools\MSVC\14.44.35207\include\ctime
??: ????:           C:\Program Files (x86)\Windows Kits\10\include\10.0.26100.0\ucrt\time.h
??: ????:          C:\Program Files (x86)\Microsoft Visual Studio\2022\BuildTools\VC\Tools\MSVC\14.44.35207\include\ratio
??: ????:          C:\Program Files (x86)\Microsoft Visual Studio\2022\BuildTools\VC\Tools\MSVC\14.44.35207\include\xtimec.h
??: ????:         C:\Program Files (x86)\Microsoft Visual Studio\2022\BuildTools\VC\Tools\MSVC\14.44.35207\include\system_error
??: ????:          C:\Program Files (x86)\Microsoft Visual Studio\2022\BuildTools\VC\Tools\MSVC\14.44.35207\include\__msvc_system_error_abi.hpp
??: ????:          C:\Program Files (x86)\Microsoft Visual Studio\2022\BuildTools\VC\Tools\MSVC\14.44.35207\include\cerrno
??: ????:          C:\Program Files (x86)\Microsoft Visual Studio\2022\BuildTools\VC\Tools\MSVC\14.44.35207\include\xcall_once.h
??: ????:          C:\Program Files (x86)\Microsoft Visual Studio\2022\BuildTools\VC\Tools\MSVC\14.44.35207\include\xerrc.h
??: ????:          C:\Program Files (x86)\Microsoft Visual Studio\2022\BuildTools\VC\Tools\MSVC\14.44.35207\include\atomic
??: ????:           C:\Program Files (x86)\Microsoft Visual Studio\2022\BuildTools\VC\Tools\MSVC\14.44.35207\include\xthreads.h
??: ????:            C:\Program Files (x86)\Microsoft Visual Studio\2022\BuildTools\VC\Tools\MSVC\14.44.35207\include\__msvc_threads_core.hpp
??: ????:         C:\Program Files (x86)\Microsoft Visual Studio\2022\BuildTools\VC\Tools\MSVC\14.44.35207\include\xfilesystem_abi.h
??: ????:        C:\Program Files (x86)\Microsoft Visual Studio\2022\BuildTools\VC\Tools\MSVC\14.44.35207\include\iomanip
??: ????:         C:\Program Files (x86)\Microsoft Visual Studio\2022\BuildTools\VC\Tools\MSVC\14.44.35207\include\istream
??: ????:          C:\Program Files (x86)\Microsoft Visual Studio\2022\BuildTools\VC\Tools\MSVC\14.44.35207\include\__msvc_ostream.hpp
??: ????:           C:\Program Files (x86)\Microsoft Visual Studio\2022\BuildTools\VC\Tools\MSVC\14.44.35207\include\ios
??: ????:            C:\Program Files (x86)\Microsoft Visual Studio\2022\BuildTools\VC\Tools\MSVC\14.44.35207\include\xlocnum
??: ????:             C:\Program Files (x86)\Microsoft Visual Studio\2022\BuildTools\VC\Tools\MSVC\14.44.35207\include\streambuf
??: ????:              C:\Program Files (x86)\Microsoft Visual Studio\2022\BuildTools\VC\Tools\MSVC\14.44.35207\include\xiosbase
??: ????:               C:\Program Files (x86)\Windows Kits\10\include\10.0.26100.0\ucrt\share.h
??: ????:               C:\Program Files (x86)\Microsoft Visual Studio\2022\BuildTools\VC\Tools\MSVC\14.44.35207\include\xlocale
??: ????:                C:\Program Files (x86)\Microsoft Visual Studio\2022\BuildTools\VC\Tools\MSVC\14.44.35207\include\xfacet
??: ????:                C:\Program Files (x86)\Microsoft Visual Studio\2022\BuildTools\VC\Tools\MSVC\14.44.35207\include\xlocinfo
??: ????:                 C:\Program Files (x86)\Microsoft Visual Studio\2022\BuildTools\VC\Tools\MSVC\14.44.35207\include\__msvc_xlocinfo_types.hpp
??: ????:                 C:\Program Files (x86)\Microsoft Visual Studio\2022\BuildTools\VC\Tools\MSVC\14.44.35207\include\clocale
??: ????:                  C:\Program Files (x86)\Windows Kits\10\include\10.0.26100.0\ucrt\locale.h
??: ????:         C:\Program Files (x86)\Microsoft Visual Studio\2022\BuildTools\VC\Tools\MSVC\14.44.35207\include\xlocmon
??: ????:         C:\Program Files (x86)\Microsoft Visual Studio\2022\BuildTools\VC\Tools\MSVC\14.44.35207\include\xloctime
??: ????:        C:\Program Files (x86)\Microsoft Visual Studio\2022\BuildTools\VC\Tools\MSVC\14.44.35207\include\locale
??: ????:         C:\Program Files (x86)\Microsoft Visual Studio\2022\BuildTools\VC\Tools\MSVC\14.44.35207\include\xlocbuf
??: ????:         C:\Program Files (x86)\Microsoft Visual Studio\2022\BuildTools\VC\Tools\MSVC\14.44.35207\include\xlocmes
??: ????:     C:\Users\gavinlou\.conan2\p\nlohm0567ffc90cfc1\p\include\nlohmann/detail/conversions/to_json.hpp
??: ????:      C:\Users\gavinlou\.conan2\p\nlohm0567ffc90cfc1\p\include\nlohmann/detail/iterators/iteration_proxy.hpp
??: ????:    C:\Users\gavinlou\.conan2\p\nlohm0567ffc90cfc1\p\include\nlohmann/byte_container_with_subtype.hpp
??: ????:    C:\Users\gavinlou\.conan2\p\nlohm0567ffc90cfc1\p\include\nlohmann/detail/hash.hpp
??: ????:    C:\Users\gavinlou\.conan2\p\nlohm0567ffc90cfc1\p\include\nlohmann/detail/input/binary_reader.hpp
??: ????:     C:\Users\gavinlou\.conan2\p\nlohm0567ffc90cfc1\p\include\nlohmann/detail/input/input_adapters.hpp
??: ????:      C:\Program Files (x86)\Microsoft Visual Studio\2022\BuildTools\VC\Tools\MSVC\14.44.35207\include\numeric
??: ????:     C:\Users\gavinlou\.conan2\p\nlohm0567ffc90cfc1\p\include\nlohmann/detail/input/json_sax.hpp
??: ????:     C:\Users\gavinlou\.conan2\p\nlohm0567ffc90cfc1\p\include\nlohmann/detail/input/lexer.hpp
??: ????:     C:\Users\gavinlou\.conan2\p\nlohm0567ffc90cfc1\p\include\nlohmann/detail/meta/is_sax.hpp
??: ????:    C:\Users\gavinlou\.conan2\p\nlohm0567ffc90cfc1\p\include\nlohmann/detail/input/parser.hpp
??: ????:    C:\Users\gavinlou\.conan2\p\nlohm0567ffc90cfc1\p\include\nlohmann/detail/iterators/internal_iterator.hpp
??: ????:     C:\Users\gavinlou\.conan2\p\nlohm0567ffc90cfc1\p\include\nlohmann/detail/iterators/primitive_iterator.hpp
??: ????:    C:\Users\gavinlou\.conan2\p\nlohm0567ffc90cfc1\p\include\nlohmann/detail/iterators/iter_impl.hpp
??: ????:    C:\Users\gavinlou\.conan2\p\nlohm0567ffc90cfc1\p\include\nlohmann/detail/iterators/json_reverse_iterator.hpp
??: ????:    C:\Users\gavinlou\.conan2\p\nlohm0567ffc90cfc1\p\include\nlohmann/detail/json_custom_base_class.hpp
??: ????:    C:\Users\gavinlou\.conan2\p\nlohm0567ffc90cfc1\p\include\nlohmann/detail/json_pointer.hpp
??: ????:    C:\Users\gavinlou\.conan2\p\nlohm0567ffc90cfc1\p\include\nlohmann/detail/json_ref.hpp
??: ????:    C:\Users\gavinlou\.conan2\p\nlohm0567ffc90cfc1\p\include\nlohmann/detail/output/binary_writer.hpp
??: ????:     C:\Users\gavinlou\.conan2\p\nlohm0567ffc90cfc1\p\include\nlohmann/detail/output/output_adapters.hpp
??: ????:      C:\Program Files (x86)\Microsoft Visual Studio\2022\BuildTools\VC\Tools\MSVC\14.44.35207\include\ostream
??: ????:    C:\Users\gavinlou\.conan2\p\nlohm0567ffc90cfc1\p\include\nlohmann/detail/output/serializer.hpp
??: ????:     C:\Users\gavinlou\.conan2\p\nlohm0567ffc90cfc1\p\include\nlohmann/detail/conversions/to_chars.hpp
??: ????:    C:\Users\gavinlou\.conan2\p\nlohm0567ffc90cfc1\p\include\nlohmann/ordered_map.hpp
??: ????:    C:\Program Files (x86)\Microsoft Visual Studio\2022\BuildTools\VC\Tools\MSVC\14.44.35207\include\any
??: ????:    C:\Program Files (x86)\Microsoft Visual Studio\2022\BuildTools\VC\Tools\MSVC\14.44.35207\include\string_view
??: ????:    C:\Users\gavinlou\.conan2\p\nlohm0567ffc90cfc1\p\include\nlohmann/detail/macro_unscope.hpp
??: ????:     C:\Users\gavinlou\.conan2\p\nlohm0567ffc90cfc1\p\include\nlohmann/thirdparty/hedley/hedley_undef.hpp
??: ????:  C:\Users\gavinlou\Developer\mib-studio-qt\include\backend/camera/mindvision/MindVisionFrameGeometry.h
??: ????:   C:\Users\gavinlou\Developer\mib-studio-qt\include\backend/camera/mindvision/MindVisionSdk.h
??: ????:  C:\Program Files (x86)\Microsoft Visual Studio\2022\BuildTools\VC\Tools\MSVC\14.44.35207\include\condition_variable
??: ????:   C:\Program Files (x86)\Microsoft Visual Studio\2022\BuildTools\VC\Tools\MSVC\14.44.35207\include\mutex
??: ????:    C:\Program Files (x86)\Microsoft Visual Studio\2022\BuildTools\VC\Tools\MSVC\14.44.35207\include\thread
??: ????:     C:\Program Files (x86)\Windows Kits\10\include\10.0.26100.0\ucrt\process.h
??: ????:      C:\Program Files (x86)\Windows Kits\10\include\10.0.26100.0\ucrt\corecrt_startup.h
??: ????:       C:\Program Files (x86)\Windows Kits\10\include\10.0.26100.0\ucrt\math.h
??: ????:       C:\Program Files (x86)\Microsoft Visual Studio\2022\BuildTools\VC\Tools\MSVC\14.44.35207\include\vcruntime_startup.h
??: ????: C:\Users\gavinlou\Developer\mib-studio-qt\include\backend/services/PulseGeneratorService.h
??: ????:  C:\Users\gavinlou\Developer\mib-studio-qt\include\backend/services/SerialBus.h
??: ????:   C:\Users\gavinlou\Developer\mib-studio-qt\include\backend/services/ISerialPort.h
??: ????: C:\Users\gavinlou\Developer\mib-studio-qt\include\backend/services/CaptureService.h
??: ????:  C:\Users\gavinlou\Developer\mib-studio-qt\include\backend/services/CaptureLifecycle.h
??: ????:  C:\Users\gavinlou\Developer\mib-studio-qt\include\backend/services/TelemetrySample.h
??: ????: C:\Users\gavinlou\Developer\mib-studio-qt\include\backend/services/ModbusRtu.h
??: ????: C:\Users\gavinlou\Developer\mib-studio-qt\tests\support/fake_mindvision_sdk.h
??: ????:  C:\Program Files (x86)\Microsoft Visual Studio\2022\BuildTools\VC\Tools\MSVC\14.44.35207\include\deque
??: ????: C:\Users\gavinlou\Developer\mib-studio-qt\tests\support/assert.h
??: ????: C:\Users\gavinlou\Developer\mib-studio-qt\tests\support/watchdog.h
??: ????: C:\Program Files (x86)\Microsoft Visual Studio\2022\BuildTools\VC\Tools\MSVC\14.44.35207\include\fstream
??: ????:  C:\Program Files (x86)\Microsoft Visual Studio\2022\BuildTools\VC\Tools\MSVC\14.44.35207\include\__msvc_filebuf.hpp
??: ????: C:\Program Files (x86)\Microsoft Visual Studio\2022\BuildTools\VC\Tools\MSVC\14.44.35207\include\set
[17/19] Linking CXX executable Release\mib_studio_qt.exe; windeployqt (Release): mib_studio_qt; Copy Coremor DLL: mib_studio_qt; Copy MindVision DLL: mib_studio_qt; Copying Conan package DLLs for mib_studio_qt; Copying YOLO model files for mib_studio_qt
Warning: Translations will not be available due to the following error.
Cannot open C:/Users/gavinlou/.conan2/p/b/qt834c4c80b45ea/p/translations/catalogs.json
C:\Users\gavinlou\Developer\mib-studio-qt\build-ninja\Release\mib_studio_qt.exe 64 bit, release executable
Adding in plugin type generic for module: Qt6Gui
Adding in plugin type imageformats for module: Qt6Gui
Adding in plugin type networkinformation for module: Qt6Network
Adding in plugin type platforms for module: Qt6Gui
Adding in plugin type styles for module: Qt6Widgets
Adding in plugin type tls for module: Qt6Network
Direct dependencies: Qt6Charts Qt6Core Qt6Gui Qt6Network Qt6OpenGL Qt6OpenGLWidgets Qt6Widgets
All dependencies   : Qt6Charts Qt6Core Qt6Gui Qt6Network Qt6OpenGL Qt6OpenGLWidgets Qt6Widgets
To be deployed     : Qt6Charts Qt6Core Qt6Gui Qt6Network Qt6OpenGL Qt6OpenGLWidgets Qt6Widgets
Qt6Charts.dll is up to date.
Qt6Core.dll is up to date.
Qt6Gui.dll is up to date.
Qt6Network.dll is up to date.
Qt6OpenGL.dll is up to date.
Qt6OpenGLWidgets.dll is up to date.
Qt6Widgets.dll is up to date.
d3dcompiler_47.dll is up to date.
dxcompiler.dll is up to date.
dxil.dll is up to date.
vc_redist.x64.exe is up to date.
qtuiotouchplugin.dll is up to date.
qgif.dll is up to date.
qico.dll is up to date.
qnetworklistmanager.dll is up to date.
qwindows.dll is up to date.
qmodernwindowsstyle.dll is up to date.
qcertonlybackend.dll is up to date.
qopensslbackend.dll is up to date.
qschannelbackend.dll is up to date.
Warning: Could not find any translations in C:\Users\gavinlou\.conan2\p\b\qt834c4c80b45ea\p\translations (developer build?)
.[18/19] Linking CXX executable Release\mib_backend_tests.exe
[19/19] Linking CXX executable Release\screenshot_tour.exe

